barcode	fp_classify	mean_cov
AAACGAAAGCTAGCAG-1	aPD3	20.67
AAACGAAAGTCGCCTG-1	C1	37.77
AAACGAAGTCCAACCG-1	aPD2	33.44
AAACGAATCGACTGGC-1	C2	39.95
AAACGAATCGCGATGC-1	C2	20.65
AAACTCGAGTAGTGTA-1	C1	42.85
AAACTCGGTAAAGGCC-1	C1	36.24
AAACTCGGTACTTCAG-1	aPD3	36.27
AAACTCGGTGGACAGT-1	aPD3	36.02
AAACTCGGTTACCACA-1	aPD3	29.42
AAACTGCCATCAGCTA-1	C2	43.94
AAACTGCCATGCCTTC-1	C2	25.09
AAACTGCGTCAAGACG-1	aPD2	50.33
AAACTGCTCTTAACGG-1	aPD3	20.45
AAAGATGCAAGCGACA-1	C2	27.14
AAAGATGTCGAACACT-1	aPD3	51.38
AAAGATGTCTTACCTA-1	aPD3	35.37
AAAGGATGTCGCTACG-1	aPD3	40.1
AAAGGATGTTACGAAA-1	aPD3	41.96
AAAGGATTCACTCCCA-1	C2	30.61
AAAGGATTCCATAGGT-1	aPD2	43.11
AAAGGATTCCTTTGAT-1	aPD2	26.99
AAAGGATTCTGTGTGA-1	C1	31.93
AAAGGGCAGGCCTCTG-1	C2	30.54
AAAGGGCGTAACCGAG-1	aPD2	42.41
AAAGGGCGTAACTCCA-1	C1	32.61
AAAGGGCTCCGAATTG-1	aPD2	35.93
AAAGGGCTCGTGGTAT-1	C1	34.71
AAATGAGAGGATCCTT-1	aPD2	42.12
AAATGAGAGTAGTTCC-1	C2	33.16
AAATGAGCACTTTGGA-1	C1	25.27
AAATGAGGTATTCTGG-1	aPD2	28.63
AAATGAGGTCTAACCA-1	aPD2	29.46
AAATGAGTCGCCAGAC-1	C2	34.64
AAATGCCTCTTAGTGG-1	aPD2	31.23
AACAAAGAGCATTGGG-1	aPD1	68.68
AACAAAGAGCTGAAAT-1	C1	43.72
AACAAAGCACAAACGG-1	aPD3	24.49
AACAAAGTCGCTCTAC-1	aPD1	79.45
AACAGTCCACGATTAC-1	C1	44.84
AACAGTCGTCGAGAAC-1	aPD3	23.69
AACAGTCGTGCTAGTT-1	C1	40.58
AACATCGAGCATACCT-1	C2	37.72
AACATCGAGTTGCTTG-1	C2	30.07
AACATCGGTCCTATTT-1	aPD3	36.38
AACATCGTCAGTCTTT-1	C2	44.29
AACATCGTCATCATGG-1	aPD3	20.26
AACCAACCAGATTTGC-1	C2	32.88
AACCAACCATCGTGAT-1	C1	47.4
AACCAACTCGATGAAA-1	aPD3	24.83
AACCAACTCTATACCT-1	aPD2	42.47
AACCGATAGGTACTCT-1	C2	27.08
AACCGATAGTAGTGTA-1	C1	20.92
AACCGATAGTGCTAGG-1	aPD2	29.23
AACCGATCACAGATGG-1	C2	28.61
AACCGATCATCGACCG-1	C2	24.39
AACCGATCATCGTACA-1	C2	29.94
AACCGATTCAACTTGG-1	C2	24.66
AACCGATTCCACACCT-1	aPD3	24.2
AACCTGATCTGGCACG-1	aPD3	35.01
AACCTTTAGACGACTG-1	C2	26.05
AACCTTTAGTGTAATG-1	unassigned	26.72
AACCTTTCAAGGTCGA-1	aPD2	29.18
AACCTTTCAGTAGTTC-1	C1	36.55
AACCTTTCATTAAGGA-1	aPD1	28.99
AACCTTTGTAACCGAG-1	C1	44.3
AACCTTTTCAAGGCCC-1	C1	26.33
AACCTTTTCCGGGCAT-1	C2	31.29
AACGAGGAGCGATACG-1	C1	35.14
AACGAGGCACAAGGGT-1	C2	35.28
AACGAGGCACTGCTCT-1	aPD3	25.77
AACGGGAAGTCGACCC-1	aPD2	60.58
AACGGGAAGTGAAACT-1	C2	29.2
AACGGGACATCCCTCA-1	aPD1	30.61
AACGGGAGTCCATTGA-1	C1	34.32
AACGGGAGTTAGCTCA-1	C2	22.02
AACGGGATCCGTACGG-1	aPD2	39.1
AACGGGATCTGCGTCT-1	aPD3	20.07
AACGTACAGAGCTACG-1	C1	36.02
AACGTACAGTTAGCGG-1	aPD2	38.71
AACGTACCACTGGGCT-1	C1	33.26
AACGTACCAGAATGCG-1	C1	35.9
AACGTACCAGACCTGC-1	C2	33.76
AACGTACCATTACTCT-1	C2	24.37
AACGTACTCCGATGCG-1	aPD1	38.07
AACTGGTAGGTTGTTC-1	C1	28.64
AACTGGTCAAGCCCTG-1	aPD2	25.15
AACTGGTCAAGGACCA-1	aPD2	31.7
AACTGGTCAATTGGCT-1	C1	32.05
AACTGGTCAGCAACAG-1	aPD3	27.65
AACTGGTGTAACTGAA-1	aPD2	27.82
AACTGTGAGTCCTTCC-1	C1	23.64
AACTGTGTCTTAAGCG-1	aPD3	32.29
AACTTGGCACAGTAGG-1	C1	40.44
AACTTGGCACCGAAAG-1	C2	20.06
AACTTGGCACTGTCGG-1	C2	22.25
AACTTGGGTGCCCTAG-1	C1	25.78
AAGATAGAGGATGCCA-1	aPD3	32.63
AAGATAGCAACGGACA-1	unassigned	26.28
AAGATAGGTTCTGATG-1	aPD2	30.29
AAGATAGTCTGGCGCA-1	aPD2	36.55
AAGGAGCAGTGTCGCC-1	C2	20.36
AAGGAGCGTCAACTGT-1	C2	38.17
AAGGAGCTCTCTGAGA-1	unassigned	46.5
AAGGTTCAGGTCGTTT-1	C1	27.22
AAGGTTCAGGTTTCTG-1	C2	24.27
AAGGTTCGTATCCTTT-1	C2	42.86
AAGGTTCTCGGGAATG-1	aPD3	34.83
AAGGTTCTCGTTACAG-1	C1	34.94
AATACGCAGACTAGGC-1	C2	29.84
AATACGCAGTGATCTC-1	aPD3	22.1
AATACGCCAAAGCTGG-1	unassigned	32.62
AATACGCGTCTCTGGG-1	C2	23.84
AATACGCTCATGCTTT-1	C2	36.46
AATGCCAAGGTCACTT-1	aPD2	27.57
AATGCCAAGGTCGTTT-1	C2	33.99
AATGCCAGTCACTCTC-1	C2	21.57
AATGCCATCAAGGCAG-1	C1	23.55
AATGCCATCTGTCGGG-1	aPD1	46.29
AATGGAAAGTGCACAG-1	C1	85.18
AATGGAAGTTAACCAC-1	C2	23.85
AATGGAATCAGTCACA-1	aPD1	31.56
AATGGCTAGCAATAAC-1	C1	35.76
AATGGCTAGCTGAGGT-1	aPD3	28.14
AATGGCTAGGTTAGTA-1	C2	44.29
AATGGCTGTCATCGTA-1	aPD1	43.09
AATGGCTGTGGAAAGA-1	C1	21.71
AATGTCGAGTGCAACG-1	aPD1	30.02
AATGTCGCATAGACGG-1	C2	22.23
AATGTCGGTGCAAGCA-1	C1	27.08
AATGTCGTCCAACCTC-1	unassigned	44.82
AATGTCGTCTGGCTAA-1	aPD1	36.29
ACAAACCAGTTAGAGT-1	C1	29.38
ACAAACCCAGAGATGC-1	aPD3	31.68
ACAAACCCAGCGTAGA-1	aPD2	34.56
ACAAACCGTGCTGTGC-1	C2	28.91
ACAAACCTCCTTGACC-1	C1	45.66
ACAAAGAAGCGCATTT-1	C2	20.59
ACAAAGAAGCGTTGCC-1	C1	37.38
ACAAAGACATTACTCT-1	C1	41.43
ACAAAGAGTCTCTAAG-1	C2	35.08
ACAAAGAGTGCGTTTA-1	C1	28.99
ACAAAGATCCGATTGA-1	aPD2	73.04
ACAAGCTAGCTACGTT-1	aPD1	46.64
ACAAGCTAGGCAAGCT-1	C1	64.79
ACAAGCTCAAGTGGCA-1	aPD2	45.72
ACAAGCTCATGGGAAC-1	C1	32.84
ACAAGCTGTCTGAGCC-1	aPD3	32.74
ACAAGCTTCACAAGCT-1	C2	21.77
ACAATCGCATACCCGG-1	C1	54.69
ACAATCGGTGATAACA-1	C2	39.4
ACAATCGGTTGAATAG-1	C1	59.02
ACAATCGTCCACGCTT-1	C2	36.53
ACAATCGTCGATATGC-1	C2	24.45
ACAGAAACACCCTTAC-1	C2	51.56
ACAGAAACATGCGCTG-1	aPD1	20.87
ACAGAAAGTTCCCTTG-1	C2	33.47
ACAGAAATCGGATCGC-1	C2	28.36
ACAGACTAGACAGCTG-1	C2	33.68
ACAGACTAGCTATCCA-1	C2	27.23
ACAGACTAGTCGTGAG-1	aPD1	24.74
ACAGACTAGTTACACC-1	C2	29.27
ACAGACTGTATGGTTC-1	aPD3	21.93
ACAGACTTCCGTGCGA-1	aPD1	26.8
ACAGCGCAGAGACTCG-1	aPD3	38.48
ACAGCGCCACTCCTCA-1	C2	38.5
ACAGCGCGTTCTTATC-1	C2	26.14
ACAGCGCTCTAAACGC-1	C2	31.83
ACAGCGCTCTTTCGAT-1	C1	53.89
ACAGGCCCATGCGACC-1	C1	32.68
ACAGGCCTCCAGTTAG-1	C2	26.15
ACAGGCCTCCATCGAA-1	C2	28.7
ACATGCAAGAGATTAC-1	C2	36.08
ACATGCACAAGTAACA-1	C2	21.71
ACATGCACAGTTGCAT-1	C1	33.74
ACATGCAGTAACACTC-1	C1	32.89
ACATGCATCCTCCATG-1	aPD3	44.99
ACATGCATCGCATACA-1	C2	26.23
ACATGGTAGTCGAAAT-1	C2	30.12
ACATGGTCACTGCTTC-1	aPD3	23.37
ACATGGTTCCTATCCG-1	C2	33.73
ACATGGTTCGTTCCGT-1	C2	53.92
ACCAAACAGAGCACTG-1	aPD2	54.14
ACCAAACAGATAGGTT-1	C2	35.63
ACCAAACCAGTATACC-1	aPD3	20.56
ACCAAACCATAGTCCA-1	aPD3	33.22
ACCAAACCATTCACCC-1	aPD2	41.41
ACCAAACGTACGTAAA-1	aPD2	35.25
ACCAAACTCCGTCAAA-1	aPD3	36.33
ACCATCCAGATGAGGA-1	C2	31.66
ACCATCCAGGTAGGCT-1	C2	27.87
ACCATCCCAAGATGCG-1	aPD3	35.76
ACCATCCTCGGAGTTT-1	C1	36.64
ACCCAAAAGCTATCCA-1	C1	37.32
ACCCAAAAGTCGCCTG-1	unassigned	28.48
ACCCAAAGTAGGGTCA-1	C2	30.31
ACCCAAATCAGGGTTT-1	C2	25.18
ACCCAAATCGTTCTAT-1	aPD1	44.41
ACCGAATCAGAGCCAA-1	C2	27.56
ACCGAATGTTCCCAAA-1	aPD1	37.1
ACCGCAGAGCTGAAAT-1	aPD2	49.03
ACCGCAGAGTTCAAGA-1	C2	29.88
ACCGCAGCACAAACGG-1	aPD3	29.49
ACCGCAGGTACGCAAG-1	aPD3	47.99
ACCGCAGGTCAGTGCC-1	C1	22.71
ACCGCAGTCGCAAACT-1	C2	35.82
ACCGGGTAGACACAAT-1	aPD3	37.76
ACCGGGTAGAGAGTAG-1	C1	43.64
ACCGGGTCAAGGAGGG-1	aPD3	67.43
ACCGGGTCAAGGATGC-1	aPD1	44.15
ACCGGGTCACACACAT-1	aPD2	35.28
ACCGGGTCACTGCTCT-1	aPD2	23.06
ACCGGGTCAGTAACGG-1	aPD3	24.9
ACCGGGTGTTCAGTAC-1	C2	22.2
ACCGGGTTCTCTATTG-1	aPD1	48.06
ACCTGCTGTGACGCAA-1	aPD3	37.49
ACCTGCTTCAAGGCAG-1	aPD1	27.24
ACGGATTCAAACGACG-1	C2	28.58
ACGGATTCACTCCTCA-1	C2	21.68
ACGGATTGTTGGACGA-1	C2	43.59
ACGGATTTCCATTGAG-1	C2	29.4
ACGGATTTCGGTTAGT-1	aPD2	21.41
ACGGATTTCTTGGCCT-1	C2	29.18
ACGTGGCCAAACCTAC-1	C1	32.37
ACGTGGCCACAATAAG-1	aPD2	48.94
ACGTGGCCACTAAACC-1	C1	33.64
ACGTGGCGTTAGAGAT-1	C1	40.7
ACGTTAGTCACCCTTG-1	aPD1	28.69
ACGTTAGTCATGCTTT-1	C1	45.35
ACTAACGAGGTACACG-1	C1	29.65
ACTAACGCAAGACACG-1	C1	52.13
ACTAACGCAAGGAACC-1	C1	50.64
ACTAACGCACGCTGTG-1	aPD1	35.23
ACTAACGTCTCATATC-1	aPD2	28.02
ACTACCCAGGTAAGTT-1	C2	26.04
ACTACCCGTCCGTAGC-1	C1	28.93
ACTACCCTCGAGAACG-1	C2	37.16
ACTACCCTCTATAGGC-1	aPD3	26.04
ACTACGACACGATTAC-1	C1	36.41
ACTAGGTAGCTAGTTC-1	unassigned	23.28
ACTAGGTCAACGGACA-1	C2	33.16
ACTAGGTTCAGATACC-1	C1	21.11
ACTAGGTTCCCACTTG-1	C2	76.17
ACTAGGTTCCGGGCAT-1	aPD1	47.09
ACTAGGTTCTCTCAAT-1	C1	22.87
ACTATTCAGAATGCTA-1	C1	41.58
ACTATTCAGGATGCCA-1	aPD2	22.01
ACTATTCCAAGTAACA-1	aPD3	49.24
ACTATTCCAGTAAGAT-1	C1	43.61
ACTATTCGTACGGTTT-1	aPD2	27.58
ACTATTCTCTTCGTTA-1	aPD3	31.54
ACTCGGGAGCGATACG-1	aPD2	60.52
ACTCGGGAGTAGGAAG-1	C2	54.83
ACTCGGGCAAACCTAC-1	C2	31.35
ACTCGGGTCACCGCGA-1	C1	28.22
ACTCGGGTCAGCCGGT-1	C2	22.23
ACTCGGGTCAGTGGTT-1	aPD1	46.16
ACTCGGGTCGGGTCCA-1	unassigned	31.12
ACTCGGGTCGTGGAAG-1	C2	20.23
ACTCGGGTCTGGACAT-1	C1	39.31
ACTGCAAAGAGCACTG-1	aPD3	29.57
ACTGCAAAGTCGGGAT-1	C2	32.22
ACTGCAACAACGTACT-1	aPD1	22.11
ACTGCAACAAGTTGCT-1	C2	23.56
ACTGCAACATTAGCAC-1	C2	22.94
ACTGCAATCTATATCC-1	C2	20.78
ACTGCGGAGACTAGCG-1	aPD3	20.63
ACTGCGGCATCGTGAT-1	C1	20.23
ACTGCGGGTGCACCCA-1	C1	24.15
ACTGTCCCAATTGCCA-1	aPD3	41.39
ACTGTCCTCGCGTTCT-1	C1	32.24
ACTTCCGAGAGGTCCA-1	C1	45.38
ACTTCCGAGCAGGAGG-1	C2	47.92
ACTTCCGAGTGCACAG-1	C2	35.98
ACTTCCGCAGTTAAAG-1	aPD3	38.14
ACTTCCGGTACAACGG-1	aPD1	40.36
ACTTCCGGTGGTCGAA-1	aPD2	45
ACTTCCGTCTCCAACC-1	C2	27.88
ACTTTCAAGAACTAAC-1	aPD2	33.92
ACTTTCAAGACGAAAG-1	C2	28.91
ACTTTCAAGCATGTGG-1	aPD2	31.43
ACTTTCAAGCTCGTTA-1	unassigned	80.29
ACTTTCATCCTCATTA-1	aPD3	24.73
AGACAAACACCCTTTG-1	aPD1	35.64
AGACAAACACCTGTGG-1	aPD2	36.5
AGACAAACATAGCCGC-1	C1	24.35
AGATAGAAGTAGTTCC-1	unassigned	24.89
AGATAGACAGCGTGAA-1	aPD2	47.34
AGATAGATCACTCCCA-1	C2	37.61
AGATAGATCTGGAAGG-1	C1	50.89
AGATTCGCAATACTGC-1	C1	39.86
AGATTCGTCGTCTTAT-1	aPD2	52.8
AGCCAGCGTGAATACA-1	C2	21.81
AGCCAGCTCCAATAGC-1	unassigned	31.74
AGCCAGCTCTGCTACC-1	aPD2	36.3
AGCCCGAAGCGCACAA-1	aPD1	71.19
AGCCCGAAGCTGGAGT-1	C2	40.77
AGCCCGAGTCGAGAAC-1	C1	54.56
AGCCCGAGTGAATCGG-1	C2	20.73
AGCCGCACATGATTGC-1	aPD2	30.08
AGCCGCAGTTTCGATG-1	aPD2	21.28
AGCCGCATCGGATAGG-1	unassigned	47
AGCCTCTAGTACTCTG-1	C2	32.99
AGCCTCTAGTGGTGTG-1	C1	39.9
AGCCTCTCACGCGTTG-1	C2	26.5
AGCCTCTGTGATGCGA-1	aPD1	20.18
AGCCTGGAGTCCGGAA-1	C2	56.7
AGCCTGGGTTGCCTGG-1	C1	26.45
AGCCTGGTCTCTGCAC-1	C1	28.85
AGCCTTCAGTATAGTG-1	C2	27.67
AGCCTTCGTATGGTTC-1	C2	29.1
AGCCTTCGTCTAAGAA-1	C2	35.41
AGCCTTCTCGAGTTAC-1	C1	35.52
AGCGATTAGAAATACC-1	unassigned	26.41
AGCGATTGTCATAAGA-1	aPD2	33.07
AGCGATTGTTAACCGT-1	aPD1	22.69
AGCGATTGTTAGGCTT-1	C2	21.17
AGCGATTTCTGGCGCA-1	C2	22.61
AGCGTATAGAGCTACG-1	aPD1	34.46
AGCGTATAGCGAATAT-1	aPD3	26.64
AGCGTATAGTCAGCCC-1	aPD2	28.92
AGCGTATAGTGCTGAG-1	C2	21.28
AGCGTATCATGCCCTT-1	aPD3	41.89
AGCGTATTCTGGACAT-1	aPD2	41.43
AGCGTGCAGGAGAACA-1	C2	27.22
AGCGTGCCAAGTAATG-1	unassigned	90.69
AGCTATGAGAGCGAAA-1	C2	21.8
AGCTATGCAGCAACCC-1	C2	37.91
AGCTATGTCTGAGTAC-1	C2	35.49
AGCTGATAGGTGTCGA-1	unassigned	25.79
AGCTGATAGTTAGAGT-1	C2	32.43
AGCTGATCATTTCACT-1	C1	32.99
AGCTGATGTCTAACCA-1	aPD3	24.77
AGCTGATTCAGTACAC-1	aPD3	33.98
AGCTGATTCCTAAGTG-1	aPD3	26.6
AGCTGGCAGCGCATTT-1	C1	33.15
AGCTGGCAGGAAACTT-1	aPD2	40.73
AGCTGGCAGGTGTCGA-1	aPD1	29.86
AGCTGTAAGTTCGCGC-1	aPD3	22.8
AGCTGTAGTGGAAAGA-1	C2	23.27
AGCTGTAGTTGGACGA-1	aPD2	21.34
AGCTGTATCGGCAATT-1	C2	42.65
AGCTGTATCGGGAATG-1	C2	31.59
AGGACGAAGACTTCCA-1	aPD3	27.5
AGGACGAAGAGGCAGG-1	C2	41.58
AGGACGATCTAAACGC-1	aPD3	26.17
AGGCCCAAGTTAGCAA-1	aPD1	27.66
AGGCCCAAGTTTACGC-1	C2	20.65
AGGCCCACACCACAGC-1	unassigned	52.96
AGGCCCACACTTTGGA-1	aPD3	44.77
AGGCCCACAGGTAGGT-1	C1	59.19
AGGCCCAGTAGACGCA-1	aPD3	34.48
AGGCCCATCTATACCT-1	aPD2	35.86
AGGCCTGAGAACCCGA-1	aPD1	33.58
AGGCCTGAGCTGAGGT-1	aPD3	26.26
AGGCCTGGTAAGCCGA-1	aPD1	23.96
AGGCCTGGTAGTAACA-1	C2	26.24
AGGCCTGGTCTCTAAG-1	C1	48.18
AGGCCTGTCACTACCC-1	C2	21.55
AGGCGAAGTTCAGAAA-1	C2	26.78
AGGCGTCAGAGGAATG-1	C2	30.34
AGGCGTCAGATGTTGA-1	C1	23.69
AGGCGTCCAAACCCTA-1	C2	24.1
AGGCGTCCAAGGCGTA-1	C2	23.43
AGTCAACAGGTCTTGT-1	aPD3	20.7
AGTCAACAGTTACACC-1	aPD2	37.89
AGTCAACGTGAATACA-1	aPD1	25.01
AGTCAACTCGTTCCGT-1	C2	22.73
AGTCCGGTCCTCATTA-1	C2	31.35
AGTCCGGTCGGTCTCT-1	unassigned	21.07
AGTGCCGCAACTACTG-1	C1	23.5
AGTGCCGTCCCTACCA-1	aPD3	27.86
AGTGCGCAGACCAATA-1	unassigned	40.44
AGTGCGCAGCGAGCTA-1	C1	25.16
AGTGCGCCAACCTCCT-1	C1	40.39
AGTGCGCCATGGAGGT-1	C1	33.75
AGTGCGCCATTCCCGT-1	C1	35.37
AGTGCGCGTCCAAGAG-1	aPD2	23.22
AGTGTACGTCTAAGAA-1	C2	20.58
AGTGTACTCGCGCCAA-1	C1	49.8
AGTGTACTCGCTAGTA-1	C2	25.2
AGTGTACTCTCGCGTT-1	unassigned	75.22
AGTGTACTCTCTGTTA-1	C2	28.54
AGTTACGAGACAGCTG-1	aPD2	21.91
AGTTACGAGACGAAAG-1	aPD3	23.69
AGTTACGAGAGTAAGG-1	C2	37.73
AGTTACGAGGAAGAAC-1	C1	29.24
AGTTACGAGGCTTAAA-1	C2	21.01
AGTTACGAGGTCTTTG-1	aPD1	36.59
AGTTACGAGTCATCTG-1	aPD3	20.74
AGTTACGTCGGGTCCA-1	aPD3	47.2
AGTTTGGAGATTGACA-1	aPD3	32.56
AGTTTGGAGTTCAGGG-1	unassigned	23.14
AGTTTGGCACGCTCAG-1	aPD3	21.94
AGTTTGGTCTCATCCG-1	unassigned	67.84
AGTTTGGTCTCTGCAC-1	C2	26.61
AGTTTGGTCTGGTACA-1	aPD2	48.51
ATAGGCTAGACAACGC-1	C2	24.34
ATAGGCTAGCTACGTT-1	C2	23.44
ATAGTCGAGAAGCCGT-1	aPD3	49.3
ATAGTCGCAAAGAAGG-1	unassigned	31.58
ATAGTCGGTTAACCGT-1	C1	40.34
ATATTCCAGTGAGCAC-1	unassigned	44.23
ATATTCCTCATTGCCC-1	C2	23.96
ATCCAGAAGGAAGACA-1	C2	20.51
ATCCAGAAGTATACCC-1	aPD1	23.95
ATCCAGAAGTTACACC-1	C1	32.2
ATCCAGACACACATTG-1	aPD3	39.97
ATCCAGAGTGAATCAA-1	C2	31.32
ATCCAGATCCAACGCG-1	aPD3	21.29
ATCCAGATCGGAGTTT-1	aPD3	21.44
ATCCCTGAGGTAGGAA-1	aPD1	20.2
ATCCCTGGTGAATCGG-1	unassigned	42.13
ATCCCTGGTTCCATCC-1	C2	25.63
ATCCTCGAGTGAGTGC-1	C1	29.64
ATCCTCGCAGTGCGAA-1	C2	22.52
ATCCTCGCATTCTCGC-1	C1	20.88
ATCCTCGGTAGAATAC-1	C1	20.17
ATCCTGCAGTAGACCG-1	aPD3	25.17
ATCCTGCAGTAGCAAT-1	C1	35.76
ATCCTGCCATTTGGCA-1	aPD3	31.37
ATCCTGCGTGACGCAA-1	aPD3	25.49
ATCCTGCGTGCATTCA-1	C1	37.19
ATCCTGCGTGGTGGTA-1	aPD2	41.01
ATCCTGCTCCAAGTCA-1	C2	24.5
ATCCTGCTCTCTTAAC-1	C1	45.93
ATCGAGTAGAGCGAAA-1	aPD1	58.86
ATCGAGTAGATACCAA-1	C2	30.19
ATCGAGTAGCCAGAAC-1	aPD1	46.84
ATCGAGTTCCAGGCCA-1	aPD3	24.11
ATCGAGTTCTCAGATG-1	C2	34.95
ATGCATGAGTTAGAGT-1	aPD3	37.98
ATGGATCAGAGCTACG-1	C1	33.76
ATGGATCGTCCTATTT-1	C1	45.7
ATGTACGCAACAAACA-1	C2	48.99
ATGTACGCATCTCTCG-1	aPD1	46.16
ATGTACGGTTCTTTGT-1	C1	40.09
ATGTACGTCCAACCTC-1	C1	31.48
ATGTCGAAGCTATCCA-1	aPD3	97.32
ATGTCGAAGTACCACT-1	C1	37.66
ATGTCGAAGTCAGGAC-1	C1	31.95
ATGTCGACAATCATCG-1	C2	21.55
ATGTCGACATTCTTTG-1	unassigned	31.9
ATGTCGAGTCGACTGC-1	C1	24.72
ATGTCTTAGGACTTTC-1	C1	25.23
ATGTCTTCAGATGGCA-1	aPD1	22.88
ATGTCTTCATCTCTCG-1	C2	34.13
ATGTCTTGTAGCGTTT-1	C1	37.91
ATGTTTCAGCAACTGG-1	C2	30.86
ATGTTTCAGGCGATTG-1	C2	28.05
ATGTTTCCAATCAGGG-1	aPD3	28.11
ATGTTTCGTAAGCCTT-1	C1	61.57
ATGTTTCGTCCTATTT-1	aPD3	46.18
ATGTTTCGTGGTAGAC-1	C2	28.94
ATGTTTCTCCGTGCAG-1	aPD1	33.36
ATTACCTCATTTCACT-1	aPD3	33.25
ATTACCTGTAGTAACA-1	C1	40.71
ATTACCTGTGATTCCA-1	C2	21.79
ATTACCTTCACTTACT-1	C1	50.14
ATTACCTTCGATCGCG-1	aPD3	40.64
ATTACTCAGATGTTCC-1	C2	27.32
ATTACTCAGGAACCGT-1	C2	35.02
ATTACTCAGGTTAGTA-1	C1	35.95
ATTACTCAGTCATCTG-1	aPD3	32.91
ATTACTCAGTGTTCCA-1	aPD3	20.43
ATTCGTTGTGAATCAA-1	C1	28.84
ATTCGTTTCTTCTCTC-1	C1	24.4
ATTGTCTTCGTTACAG-1	C2	27.82
ATTGTGGCAACTCGAT-1	unassigned	52.89
ATTGTGGCAGTTAAAG-1	C2	20.69
ATTGTGGTCAAGGCAG-1	unassigned	83.9
ATTTGTCCAGGGCTTC-1	aPD1	28.21
ATTTGTCCAGTATACC-1	C2	25.98
ATTTGTCGTACGTAGG-1	C2	25.42
ATTTGTCGTCTAAGAA-1	C2	27.82
ATTTGTCGTGCGTCCA-1	aPD2	38.67
ATTTGTCTCTTAAGCG-1	aPD1	39.84
CAAAGCTAGTCGCCTG-1	C2	29.2
CAAAGCTTCGGGATCC-1	C1	31.2
CAAAGCTTCTATATCC-1	C2	23.66
CAAAGCTTCTCGGCGA-1	C2	43.9
CAACCAAAGAACTAAC-1	C2	38.23
CAACCAAAGAGTTCGG-1	unassigned	47.18
CAACCAAAGATGAGGA-1	aPD3	23.63
CAACCAAAGTAACTCC-1	aPD1	53.87
CAACCAAAGTTAGCAA-1	C2	23.93
CAACCAACACGTACAT-1	C2	45.16
CAACCAAGTAGTGATA-1	aPD3	20.99
CAACCAATCCATCGAA-1	C2	25.48
CAACGGCAGAGAGTTT-1	C2	30.07
CAACGGCCAATTCGTG-1	C1	40.34
CAACGGCGTTAGGAGC-1	C1	33.74
CAACGGCTCTATCTCA-1	aPD1	25.77
CAACGTAGTGACCAGA-1	aPD2	41.47
CAACGTATCCGGCGAT-1	unassigned	23.2
CAACGTATCGCCACTT-1	aPD1	28.78
CAAGAAACACGCTCAG-1	C2	32.76
CAAGAAACATGATCGT-1	aPD1	37.97
CAAGAAAGTAGCTGTT-1	unassigned	24.23
CAAGCTAAGGCTGGAT-1	aPD2	29.66
CAAGGCCAGCCATGGA-1	aPD3	22.7
CAAGGCCGTACCCATA-1	aPD2	34.94
CAAGGCCTCCCAGTAA-1	C2	22.92
CAATCCCCAAGCAACG-1	C2	37.83
CAATCCCCACGTTGTA-1	C2	46.99
CAATCCCCATGGTAAA-1	aPD3	52.98
CAATCCCTCGTGAACT-1	C2	21.73
CACAACAAGCTACGCC-1	C2	25.73
CACAACAAGCTAGCAG-1	C1	48.26
CACAGATCAGATAAGT-1	C2	38.31
CACATGAAGCATTGGG-1	C2	25.68
CACATGACAAACCTAC-1	C2	31.98
CACATGATCCATAACG-1	C2	36.31
CACCACTAGGAAGAAC-1	C2	22.73
CACCACTAGGACTAGC-1	aPD3	22.7
CACCACTTCCATCATT-1	aPD1	24.98
CACCACTTCGTCCCAT-1	aPD3	27.5
CACCACTTCTGGTACA-1	C2	24.59
CACCTGTAGTACAGTA-1	aPD3	28.62
CACCTGTCACTACACA-1	C1	38
CACCTGTTCGATCGCG-1	C2	26.96
CACCTGTTCTTATCAC-1	C2	28.5
CACCTTGAGCAGAGCT-1	aPD3	26.04
CACCTTGGTAATGCCT-1	aPD3	21.1
CACCTTGGTAGACACG-1	C2	22.49
CACCTTGGTCAGAGTG-1	C1	36.51
CACCTTGTCTCTTCCT-1	C2	35.37
CACCTTGTCTTGCGCT-1	C1	69.51
CACGTTCCACCGTCTT-1	aPD2	68.8
CACGTTCGTTTGTGAC-1	C1	22.09
CACGTTCTCTATCTCA-1	C1	32.94
CACGTTCTCTGGGCGT-1	C2	27.65
CACTAAGCAACGCAAG-1	C1	35.57
CACTAAGGTAGGTCTT-1	C2	23.76
CACTAAGGTAGTCTGT-1	C2	21.97
CACTAAGGTGACGCAA-1	C2	58.86
CACTAAGTCCCACTAC-1	aPD3	20.75
CACTAAGTCGATGTGT-1	C2	24.5
CACTGAAAGAATCAGT-1	aPD1	32.75
CACTGAATCTTAACGG-1	C2	35.97
CAGCCTTAGCCGCAAA-1	C1	26.49
CAGCCTTAGTCCAGAG-1	aPD1	42.8
CAGCCTTCAGGGTAAC-1	aPD1	30.16
CAGCCTTGTAACCGAG-1	aPD2	37.5
CAGCTAACACATAAAG-1	aPD1	25.9
CAGCTGGCAGAGTCGA-1	C2	27.35
CAGCTGGCATTAGCCA-1	C2	41.6
CAGCTGGGTCACCGCA-1	aPD3	46.16
CAGCTGGGTGCACCCA-1	aPD2	30.38
CAGCTGGTCCTTTGCG-1	unassigned	20.33
CAGGATTTCATGAACC-1	aPD3	20.71
CAGGATTTCCAGGTAT-1	C2	23.64
CAGGATTTCGAGGTCC-1	aPD3	21.64
CAGGGCTAGGGAAGCG-1	aPD2	24.51
CAGGGCTGTCACAGTT-1	C2	33.34
CAGTATGTCCAAACCA-1	aPD3	24.4
CAGTATGTCCTATCCG-1	C2	37.34
CAGTGCGAGATGGGAA-1	C2	24.14
CAGTGCGAGTACCACT-1	aPD1	24.01
CAGTGCGCACAACGGA-1	C1	32.96
CAGTGCGGTTGTGAGG-1	C1	53.37
CAGTGCGTCCCAGTAA-1	C1	40.56
CAGTGTAAGCGCATTT-1	C2	41.12
CAGTGTAAGTCCCGCA-1	C2	27.12
CAGTGTAGTCCATTGA-1	C2	27.96
CATAACGAGGTTCGTT-1	C1	28.79
CATAACGCACCTCGTT-1	aPD3	45.95
CATAACGCAGTGCGAA-1	C2	25.3
CATAACGGTCTGTCCT-1	C1	40.89
CATAACGGTGGACCAA-1	C1	49.7
CATAACGGTTACACTG-1	C1	34.15
CATGCCTAGACTTCCA-1	aPD1	22.2
CATGTTTAGTAGTTCC-1	C2	25.78
CATGTTTCACGGTTAT-1	C2	33.4
CATGTTTCAGTAGGCA-1	C2	44.31
CATGTTTCATCGTGAT-1	unassigned	25.61
CATGTTTGTCAATACC-1	aPD3	40.88
CATGTTTGTGCAGACA-1	unassigned	42.09
CATTCATAGAGTTCGG-1	C2	24.9
CATTCATAGGTCTTTG-1	C1	32.32
CATTCATTCCTGTAGA-1	C2	37.37
CATTCATTCTCGTAGA-1	C2	20.08
CATTCCGAGTGGTGTG-1	C2	24.18
CATTCCGGTTGGCTAT-1	unassigned	42.54
CATTCCGTCCTGACCT-1	C2	36.91
CATTGGAGTATCAGCT-1	aPD3	20.46
CATTGGATCAGGGTTT-1	C2	22.45
CATTGGATCGGGCTCA-1	C1	30.3
CCAATGACAAACGTTC-1	C2	24.1
CCAATGACAAGTTGCT-1	aPD3	33.99
CCAATGAGTACTTCAG-1	C2	26.17
CCAATGAGTCCCTAAA-1	aPD2	50.77
CCAATGATCCCGGGTA-1	aPD3	27.75
CCAATGATCCTATCCG-1	C2	32.08
CCAATGATCGGGATCC-1	C1	27.63
CCAATGATCTCTTAAC-1	C2	22.27
CCACAGGAGAAGGGCG-1	C2	28.71
CCACAGGCAAACCCTA-1	aPD2	34.1
CCACAGGCACTGTCAA-1	C1	26.85
CCACAGGTCGGTTAGT-1	aPD1	43.23
CCACGTTCACTTGCGG-1	aPD3	20.56
CCACGTTCAGGGTACA-1	unassigned	37.25
CCACGTTGTGCTAGTT-1	C1	52.51
CCACGTTTCACAACAC-1	C2	31.42
CCACGTTTCGTCCCTA-1	C2	26.61
CCAGAATAGTACTCTG-1	C2	23.42
CCAGAATAGTCGTACT-1	C2	29.26
CCAGAATAGTGATTAG-1	unassigned	60.87
CCAGAATCATCCCTTG-1	aPD1	26.07
CCAGAATTCAAACCCA-1	C1	61.75
CCAGATACACTGTTAG-1	C1	25.4
CCAGATAGTAAGTGCG-1	C1	49.98
CCAGATAGTATGCTAC-1	unassigned	74.8
CCAGATAGTCATTGCA-1	aPD2	56.84
CCAGATATCCAATAGC-1	C1	29.11
CCATACCAGTTACACC-1	aPD2	25.1
CCATACCCAAGTAACA-1	aPD3	29.81
CCATACCCACTCGCAG-1	C2	27.09
CCATACCCAGGCATTT-1	aPD3	25.75
CCATACCCATCAGCTA-1	C2	34.34
CCATACCTCCTGGGAC-1	aPD2	25.8
CCATACCTCTCTTCCT-1	C2	42.13
CCCACATAGAATGCTA-1	C1	40.23
CCCACATCAGTAACTC-1	C2	24.67
CCCACATTCCTCCATG-1	C2	35.09
CCCAGAGAGCAATGTA-1	C2	39.71
CCCAGAGAGGATGTCG-1	C1	42.6
CCCAGAGAGGTAGGAA-1	aPD3	29.38
CCCAGAGCACGACGAA-1	aPD1	60.41
CCCAGAGTCTCGCGTT-1	aPD3	45.91
CCCGTTAAGGTACTCT-1	C1	35.65
CCCGTTACAAGTAACA-1	C2	21.32
CCCGTTACAATTAGGA-1	aPD3	23.04
CCCGTTACAGAAAGAG-1	aPD2	34.73
CCCGTTAGTCGCTAGC-1	C2	31.85
CCCGTTAGTCTGAGCC-1	C1	24.99
CCCGTTAGTTAGAGAT-1	aPD3	28.68
CCCTAACGTATCTAGC-1	C1	39.17
CCCTAGTAGATCTAAG-1	aPD2	23
CCCTAGTAGCCTCGCA-1	C2	22.39
CCCTAGTAGCGAATAT-1	C2	36.02
CCCTAGTCAACGTCCG-1	unassigned	44.88
CCCTAGTCAAGGATGC-1	C1	54.25
CCCTAGTGTGAGTTGG-1	aPD2	33.1
CCCTAGTTCCATACCC-1	C1	55.73
CCCTAGTTCGGATCGC-1	aPD3	22.14
CCCTCTCGTCAAGACG-1	C1	32.56
CCCTCTCGTCAGAGTG-1	aPD2	50.77
CCCTCTCGTCGCTACG-1	aPD3	20.25
CCCTCTCGTTGAAGCG-1	aPD1	71.01
CCCTCTCTCCGGGCAT-1	aPD1	36.9
CCCTCTCTCGGTTGTA-1	aPD3	29.7
CCCTGATAGGGAAGCG-1	aPD3	61.01
CCCTGATAGGTGAACC-1	aPD3	22.21
CCCTGATGTGTTGTTG-1	unassigned	33.71
CCCTGATTCCTTTGAT-1	aPD3	22.37
CCCTGATTCGCAAACT-1	C1	53.92
CCCTGATTCTGTCGGG-1	aPD3	35.83
CCGAAGCGTGTCCCAG-1	unassigned	23.89
CCGAAGCTCAATGCAC-1	C2	25.66
CCGAAGCTCAGTGGTT-1	unassigned	67.25
CCGAAGCTCGCTACCT-1	C1	38.17
CCGAAGCTCTCGTAGA-1	C2	24.26
CCGAAGCTCTTTATCG-1	C2	36.24
CCGCATTAGAAATCTG-1	C1	23.68
CCGCATTAGAAATGGG-1	C2	37.86
CCGCATTAGTTACCAC-1	C2	62.22
CCGCATTCAGCAACGA-1	aPD2	43.86
CCGCATTGTATTCTTC-1	C1	24.82
CCGCATTGTGGTGGTA-1	aPD2	44.06
CCGTACTAGGTTCGAG-1	aPD1	38.88
CCGTACTGTATCATGC-1	aPD2	36.3
CCGTACTTCCAGCACG-1	aPD3	30.5
CCGTAGGAGGCGACTA-1	aPD2	20.52
CCGTAGGCAAACAGTA-1	unassigned	29.42
CCGTGAGAGAACCATA-1	C1	37.55
CCGTGAGAGATCCGAG-1	aPD3	24.24
CCGTGAGCAAGGAACC-1	aPD1	21.17
CCGTGAGCACTGCTCT-1	C1	61.58
CCGTGAGCACTTGCGG-1	C1	37.32
CCGTGAGGTGTCGTCG-1	aPD1	22.2
CCTAAAGAGAACTCCT-1	aPD2	35.35
CCTAAAGCACACTAGT-1	C2	27.82
CCTAAAGGTATCAGCT-1	C2	42.24
CCTAAAGTCTGTTTAC-1	C1	22.12
CCTATTAAGCCAGAAC-1	aPD3	22.51
CCTATTAGTTTAAGGA-1	C2	25.58
CCTATTATCCTAAAGC-1	C1	47.03
CCTCCCTAGAACTCCT-1	aPD2	56.39
CCTCCCTCAAGCGACA-1	C2	23.62
CCTCCCTCACGCCGAT-1	aPD1	26.31
CCTCCCTCACGCTAAT-1	C2	28.49
CCTCCCTGTATTCACG-1	C1	38.41
CCTCCCTGTGCTGAAG-1	C2	28.44
CCTCCCTTCGATCTTT-1	C2	21.34
CCTCCCTTCGCACAAT-1	C1	30.76
CCTGCTAAGTCTGTGT-1	C2	22.08
CCTGCTATCCTTTGCG-1	C2	32.81
CCTGGGACACAGAAGC-1	aPD3	20.01
CCTGGGAGTCAGAGTG-1	aPD3	31.51
CCTTAATCAACGGACA-1	aPD2	37.17
CCTTAATCACAGGAAC-1	C2	22.45
CCTTAATCATTAAGGA-1	aPD3	33.63
CCTTAATGTGCGCTCA-1	C2	44.13
CCTTAATTCTGCCGAG-1	aPD3	27.14
CCTTAATTCTTACGGA-1	C1	30.7
CCTTGCAAGAGCTGTG-1	aPD3	24.76
CCTTGCACATCACAGT-1	C1	37.71
CCTTGCAGTCTCTGCT-1	aPD2	32.89
CCTTGCAGTTTCGATG-1	C2	31.62
CCTTGCATCACCGCGA-1	C2	21.96
CCTTGGTGTAACCCAT-1	C1	47.05
CGAGTTAAGCCTTTGA-1	C1	38.44
CGAGTTACACAGATGG-1	aPD3	37.74
CGAGTTAGTAACTGAA-1	C2	33.74
CGAGTTAGTAGATGAT-1	C1	29.91
CGAGTTAGTGCTAGTT-1	C2	25.83
CGAGTTATCCTGTAGA-1	aPD2	25
CGAGTTATCGTTTGAG-1	aPD3	81.07
CGATGATAGCTCCATA-1	C1	32.24
CGATGATAGTGATTAG-1	C2	25.55
CGATGATGTATATGGA-1	aPD2	28.33
CGCAATAAGACCCTAT-1	C2	33.25
CGCAATAAGTAGCAAT-1	C2	34.99
CGCAATACAGCAACGA-1	C1	35.32
CGCAATACATCGCTAA-1	unassigned	27.68
CGCAATAGTAGCAGGT-1	C2	33.11
CGCAATAGTCCACCAG-1	aPD3	20.53
CGCACAGCAGCGTGAA-1	C2	24.07
CGCACAGGTATGTCCA-1	aPD3	23.28
CGCACAGTCCATTGTT-1	aPD3	25.68
CGCACAGTCTTCATAC-1	C2	32.23
CGCAGGTTCGATAGGG-1	C2	24.67
CGCGCAACACAGTTAC-1	C2	40.85
CGCGCAATCCGTGCAG-1	aPD3	24.7
CGCGCAATCGTGAGTT-1	C2	26.7
CGCGCAATCTAGTCGA-1	C2	25.91
CGCTAGGCAATGGCAG-1	aPD3	26.88
CGCTAGGCACGTGAAG-1	unassigned	25.57
CGCTAGGCATTAACGC-1	C1	32.1
CGCTAGGGTGGCATAG-1	unassigned	37.4
CGCTATCCATCAGCTA-1	aPD1	42.71
CGCTATCGTCATCAAC-1	aPD1	20.21
CGCTATCGTGCTGTCG-1	C1	25.33
CGCTATCTCCAGTACA-1	C2	30.82
CGCTGGAAGACTCGGA-1	aPD2	23.9
CGCTGGAAGACTCTTG-1	aPD1	43.09
CGCTGGACAAGCGGTA-1	C2	20.83
CGCTGGACAGTGCGAA-1	aPD1	31.9
CGCTGGACATGATTGC-1	aPD2	60.37
CGCTGGAGTAGTACAA-1	C1	24.47
CGCTGGAGTATTCGAC-1	aPD1	21.08
CGCTGGATCCACCTAC-1	C2	26.17
CGGACCAAGCAGAGCT-1	C2	29.89
CGGACCAAGGGCGAAG-1	C2	41.44
CGGACCAAGTCGCCTG-1	aPD3	20.99
CGGACCACACCAAGGA-1	C2	20.71
CGGACCATCAAGAGGC-1	aPD1	32.95
CGGACCATCCCATAGA-1	unassigned	59.34
CGGACCATCTTTCGAT-1	C2	32.12
CGGACTGAGTATACGA-1	aPD3	39.41
CGGACTGGTATCCCTC-1	C2	22.56
CGGACTGTCGCATAAC-1	C2	44.05
CGGTGCAAGGGATCCA-1	aPD2	70.45
CGGTGCAGTGTCGTCG-1	C1	43.77
CGGTGCAGTTGTGACT-1	aPD3	29.81
CGGTGCATCTTGCGCT-1	C2	34.22
CGTAAACAGAAGCCGT-1	C2	33.62
CGTAAACAGAGCTCCC-1	C1	29.6
CGTAAACAGATATGAC-1	C1	39.2
CGTAAACAGTAGGAAG-1	C1	78.84
CGTAAACAGTCCCTCT-1	unassigned	36.34
CGTAAACGTAACAATG-1	aPD1	59.28
CGTAAACGTAGCGTTT-1	aPD2	37.65
CGTAAACGTCAACTAC-1	C1	34.1
CGTAAACGTGGATTTC-1	aPD2	23.17
CGTAAACTCAGGCGCT-1	C2	22.75
CGTACAAAGTTTACGC-1	C2	27.65
CGTACAATCACTGATG-1	aPD2	30.52
CGTACAATCCCGCAAG-1	C2	37.37
CGTACAATCTGCTACC-1	C1	43.59
CGTGGCAAGACACGGT-1	aPD1	39.87
CGTGGCAAGATGGGAA-1	aPD2	61.42
CGTGGCAAGGCACTAG-1	aPD3	33.3
CGTGGCACAAGCAGGT-1	C2	28.09
CGTGGCAGTTGGCTTA-1	aPD3	22.58
CGTTCCAAGCTCGTTA-1	aPD3	25.25
CGTTCCATCCAACGCG-1	aPD1	61.75
CGTTCCATCCGAGAGA-1	aPD2	25.09
CTAACTTCACGTACAT-1	C2	34.11
CTAACTTCATAGCCAT-1	C1	27.09
CTAACTTTCACAACAC-1	C2	23.52
CTAACTTTCCAACGCG-1	C2	23.23
CTAACTTTCGGGAAAC-1	C2	20.19
CTACAGACACCGAATT-1	C1	35.11
CTACAGACATCGTGAT-1	C1	36.13
CTACAGAGTCTGGATT-1	C1	33.25
CTACAGATCCAGTTAG-1	C2	22.57
CTACAGATCGCGCCAA-1	aPD3	28.02
CTACTTAAGTTAGCAA-1	aPD1	21.43
CTACTTAGTCTAAAGA-1	aPD3	26.41
CTACTTATCCCAATGA-1	C1	49.82
CTACTTATCGATGTAC-1	aPD3	46.65
CTAGCGGCACCGTTGG-1	C2	40.77
CTAGCGGCATAGAATG-1	C2	39.99
CTAGCGGGTCGATAGG-1	C2	27.74
CTAGCGGGTCTGGTTA-1	C2	27.58
CTAGGATCAATAGTGA-1	aPD3	33.06
CTAGGATCACAGTTAC-1	aPD3	30.71
CTAGGATTCAGAACGG-1	C2	51.43
CTAGGATTCGGCATAT-1	C1	40.7
CTAGGATTCTCTGCGT-1	C2	37.93
CTAGGGCAGCTTCAAC-1	C2	27.82
CTAGGGCAGGTAGGCT-1	aPD3	25.55
CTAGGGCCAATGTAAG-1	C2	24.02
CTAGGGCGTTAGTAGA-1	C2	37.15
CTCAACCCAACGAGGT-1	aPD1	27.77
CTCAACCCAATTGTGC-1	C1	22.48
CTCAACCGTCCAAGAG-1	aPD1	52.31
CTCACCAAGTCATCTG-1	aPD3	25.73
CTCACCAGTACATGGG-1	C2	30.74
CTCACCAGTGCGTCCA-1	aPD1	23.61
CTCACCAGTTTCAGCA-1	C1	33.89
CTCAGAAAGAAATCTG-1	aPD3	30.17
CTCAGAAAGCCTGTAT-1	aPD3	42.27
CTCAGAAAGTCTAGAA-1	unassigned	22.92
CTCAGAACAGACTAAA-1	C1	31.15
CTCAGAAGTCCGAGCT-1	C2	23.01
CTCAGAATCGCAGATT-1	aPD1	39.3
CTCAGAATCTTGTCGC-1	C2	21.6
CTCAGCTTCCGCCTAT-1	aPD1	37.9
CTCAGCTTCTCTTAAC-1	aPD3	35.82
CTCATGCAGATCGAGC-1	C1	22.59
CTCATGCAGTCTGGGA-1	unassigned	21.11
CTCATGCAGTTAGCAA-1	C2	23.66
CTCATGCCAGTAACGG-1	C2	34.29
CTCATGCTCCGTTAGA-1	C2	39.23
CTCATGCTCTGGGCGT-1	C2	25.71
CTCCCAAAGAGCCTGA-1	C2	22.96
CTCCCAACACTACACA-1	aPD3	40.4
CTCCCAACATCGAGTT-1	aPD3	24.49
CTCGCTAAGGTTTCTG-1	C2	39.56
CTCGCTAAGTAACTCC-1	aPD1	36.13
CTCGCTACACTGATAC-1	aPD1	38.32
CTCGCTAGTTACACTG-1	aPD2	22
CTCGCTATCCGGCTGA-1	unassigned	37.88
CTCTACGTCCCTATTA-1	C2	33.94
CTCTACGTCTCGGCGA-1	aPD3	22.45
CTCTAGCGTATCTAGC-1	aPD1	22.44
CTCTAGCGTCACAGGA-1	unassigned	40.53
CTCTAGCGTCTGGTTA-1	C1	47.77
CTCTAGCGTCTGTTGA-1	aPD3	23.65
CTCTAGCGTTACGGAG-1	C1	42.22
CTCTAGCTCGATATGC-1	C2	24.79
CTCTAGCTCTGTTTAC-1	aPD3	28.24
CTCTAGCTCTTAAGCG-1	C1	53.92
CTCTCAGAGCAACGGT-1	C2	31.29
CTCTCAGAGTACCACT-1	C2	48.57
CTCTCAGAGTGTCGCC-1	C2	20.38
CTCTCAGCAACTTGGT-1	C2	39.31
CTCTCAGCATGGCCGT-1	aPD3	28.31
CTCTCAGGTAACTCCA-1	aPD1	34.1
CTCTCAGGTAGAATAC-1	C2	40.79
CTCTCGAAGAAAGCAG-1	unassigned	21.02
CTCTCGAGTTCTTTGT-1	C2	25.21
CTCTCGATCACTGGTA-1	C2	36.39
CTGAATGCACGATTAC-1	C1	21.6
CTGAATGGTCTCTGGG-1	C2	30.03
CTGAATGGTGTTGTTG-1	C1	42.24
CTGCGTTTCCGTGCAG-1	C2	52.1
CTGCTCAAGTCTCCAA-1	aPD1	43.5
CTGCTCAAGTTCCCGG-1	C2	36.44
CTGCTCACACCCTTAC-1	aPD2	70.05
CTGCTCACACTGTTAG-1	C2	33.78
CTGCTCAGTGCGCATC-1	unassigned	30.76
CTGCTCATCAAATGGA-1	C2	23.49
CTGCTCATCAGGCCGT-1	C1	27.33
CTGCTCATCCCACGGA-1	aPD3	40.19
CTGGCAGAGAGCCACA-1	aPD1	30.5
CTGGCAGCAGGATAGC-1	C2	21.39
CTGGCAGGTTGGCTAT-1	aPD3	20.37
CTGGCAGTCCAAGTCA-1	C2	20.63
CTGGCAGTCCATCATT-1	C2	26.92
CTGGCAGTCTGATCTT-1	C1	35.45
CTGGGACAGATGCGAC-1	C2	25.11
CTGGGACCATCGCCTT-1	aPD1	30.19
CTGGGACGTCCAAGTT-1	aPD3	36.13
CTGGGACGTTTCTACT-1	C1	21.4
CTGTATTGTAACGGCA-1	aPD3	22.51
CTGTATTGTTCTACCC-1	aPD2	25.74
CTGTATTTCGAGTGTT-1	C2	20.71
CTGTATTTCTGCGTCT-1	C2	32.2
CTGTTCGAGTTCGACT-1	C2	20.68
CTGTTCGTCAGTGGTT-1	C2	45.26
CTGTTCGTCCTCCTGA-1	C1	36.32
CTTAATCAGGAAGGTA-1	unassigned	43.58
CTTAATCAGTCATACC-1	aPD1	59.2
CTTAATCCAAAGGTCG-1	unassigned	47.22
CTTAATCCATGGGTGA-1	C1	30.62
CTTAATCGTGGACGAT-1	aPD3	39.1
CTTAATCTCAAGGCAG-1	unassigned	53.48
CTTAATCTCCCACTTG-1	C2	29.07
CTTCCAGTCCCACTTG-1	aPD1	38.6
CTTCCAGTCTGAGTAC-1	aPD1	43.01
CTTCTAACAGTAACCT-1	aPD1	46.72
CTTCTAAGTATGGATA-1	C2	23.29
CTTCTAATCTAGCAGT-1	C2	69.42
CTTGAAGAGCATTCCA-1	C2	40.8
CTTGAAGAGTCCTTCC-1	aPD1	36.07
CTTGAAGCAATGGCAG-1	C1	23.38
CTTGAAGGTTATAGAG-1	aPD1	22.12
CTTGAAGTCCATACCC-1	C2	25.74
CTTGAAGTCGTCCCTA-1	aPD3	55.03
CTTGAAGTCTCTGCAC-1	C1	43.78
CTTGCCAAGACCCATT-1	aPD2	45.26
CTTGCCATCGGAGTTT-1	C2	31.25
CTTGCTGCAGTGCGAA-1	C1	31.09
CTTGCTGTCACGATTG-1	C1	48.46
CTTGTCGAGGGTCTGA-1	aPD3	21.53
CTTGTCGAGTTATGAG-1	C2	24.32
CTTGTCGCAACATAAG-1	aPD3	30.25
CTTTGCGCAAGCGACA-1	C2	40.54
CTTTGCGCACCGTCTT-1	C2	24.91
CTTTGCGGTACGGATG-1	C1	48.35
CTTTGCGGTCCACCAG-1	aPD3	37.5
CTTTGCGGTTCGGGAA-1	C2	26.67
CTTTGCGGTTCTTATC-1	aPD2	34.89
CTTTGCGTCTCTGCGT-1	aPD2	44.16
GAAACAACACAGGAAC-1	aPD1	29.54
GAAACAACATGCGACC-1	aPD3	28.57
GAAAGTAAGTCGCCTG-1	C2	28.25
GAAAGTACAAGATTAG-1	C1	47.93
GAAAGTACATTAAGGA-1	C2	25.59
GAAAGTAGTATGTCCA-1	aPD3	33.24
GAAATGAAGACCGCAA-1	unassigned	20.8
GAAATGAAGCTATCCA-1	C2	30.42
GAAATGAAGCTGAGGT-1	aPD2	29.55
GAAATGACAAAGGCCA-1	aPD1	54.78
GAAATGATCTGTGTCC-1	C2	34.46
GAACCGCAGAGCCACA-1	aPD2	47.93
GAACCGCGTCGATTAC-1	aPD3	24.24
GAACCGCTCGAGGTAG-1	unassigned	93.02
GAACCTACACCACCAG-1	aPD3	23.02
GAACCTAGTACGGAGT-1	aPD3	41.14
GAACCTAGTCGTAATC-1	aPD2	27.67
GAACCTATCGCGTGAC-1	aPD2	67.25
GAACCTATCTGACATG-1	unassigned	62.26
GAACGTTAGGCAAGCT-1	C1	42.43
GAACGTTTCCCAGTAA-1	aPD3	30.14
GAAGAGCCACCGTCTT-1	C2	37.17
GAAGAGCTCGGCATAT-1	aPD3	58.69
GAAGAGCTCTTCATAC-1	aPD3	43.87
GAAGTCTCAACTCAAC-1	C1	22.95
GAAGTCTGTAGTGATA-1	unassigned	28.23
GAAGTCTGTATGTTCG-1	C2	53.86
GAAGTCTGTCAATACC-1	aPD1	55.12
GAAGTCTTCACTGGTA-1	aPD3	26.9
GAAGTCTTCAGGAATA-1	C1	38.39
GAAGTCTTCCACTAGA-1	C2	23.75
GAAGTGGGTACCGGCT-1	C1	20.71
GAAGTGGGTCAGTGCC-1	unassigned	32.32
GAAGTGGGTTTGCCCT-1	aPD2	37.49
GAATCTGAGATACCAA-1	unassigned	48.49
GAATCTGGTAACGTAA-1	C2	34.32
GACCAATAGACTCGGA-1	aPD1	33.17
GACCAATAGCTTCAAC-1	aPD3	39.42
GACCAATCAGGTCTGC-1	aPD2	24.03
GACCAATTCCCACTAC-1	aPD1	46.57
GACCCAGAGTGAAACT-1	C2	24.44
GACCCAGCATTACTCT-1	aPD3	31.22
GACCCAGGTCAGCTTA-1	aPD1	32.29
GACCGACAGGAGAACA-1	aPD3	27.42
GACCGACGTTACGAAA-1	C1	33.66
GACCGACTCTATATCC-1	unassigned	33.43
GACCTTCCAACGTAGG-1	C2	23.38
GACCTTCGTTACGCTA-1	aPD3	23.38
GACCTTCTCTATATCC-1	aPD3	24.59
GACTAACCAACAAACA-1	unassigned	26.14
GACTAACCAAGTGGCA-1	C2	22.26
GACTAACCATTAGCCA-1	aPD3	44.98
GACTAACGTAGACGCA-1	C1	22.45
GACTAACGTATTTGCG-1	aPD1	42.29
GACTAGTCAAATAGTG-1	C2	27.68
GACTAGTCACATATCG-1	aPD3	35.37
GACTAGTCACCGTTGG-1	aPD2	46.1
GACTAGTCATCATGTG-1	aPD1	43.31
GACTAGTGTATTGTCG-1	aPD1	39.28
GACTAGTGTGGTACTT-1	aPD3	20.98
GAGAACGAGATACCAA-1	aPD2	27.85
GAGAACGAGCGCGTTC-1	aPD3	39.22
GAGAACGAGTCGACCC-1	C2	37.22
GAGAACGCAACGACAG-1	C2	62.78
GAGAACGCATTGAACC-1	C2	28.07
GAGAACGTCCGTGCGA-1	aPD2	32.22
GAGACTTAGCTACGTT-1	C2	21.54
GAGACTTAGGGTCTGA-1	C2	23.57
GAGATTCAGCAGAGCT-1	aPD3	37.89
GAGATTCAGTAATGTG-1	C2	31.74
GAGATTCCAGAAAGAG-1	aPD1	39.65
GAGATTCCAGTCAGAG-1	C2	38.06
GAGATTCGTAAGGTCG-1	C1	45.6
GAGATTCTCCGATGCG-1	C1	22.32
GAGATTCTCGATCGCG-1	C1	40.6
GAGATTCTCGGTTCCT-1	C2	35.64
GAGCATTCAGGTAGCA-1	C1	33.3
GAGCATTGTCGATTAC-1	aPD3	22.64
GAGCATTGTGCAAGAC-1	aPD3	22.64
GAGCATTTCACAACAC-1	aPD1	41.35
GAGCATTTCCACACCT-1	C1	51.76
GAGCGCTAGCTGAGGT-1	aPD1	23.89
GAGCGCTAGTGAAACT-1	aPD3	30.28
GAGCGCTGTAATGTAG-1	aPD2	44.31
GAGCGCTTCCAAACCA-1	C1	34.48
GAGGATGAGTAGGTCG-1	aPD3	25.39
GAGGATGAGTGATATG-1	C1	58.58
GAGGATGGTTGCAGCC-1	C2	48.42
GAGGATGTCCAACAAC-1	C1	22.53
GAGGCTCAGCGAATAT-1	C2	38.34
GAGGCTCAGTCAGCCC-1	aPD2	31.07
GAGGCTCCAAGCAACG-1	C2	29.57
GAGGCTCGTTACGCTA-1	aPD1	25.99
GAGGCTCTCGCACAAT-1	C2	28.72
GAGGTCCAGGTGTTGG-1	C1	63.76
GAGGTCCCAAGAGCGT-1	C2	30.55
GAGGTCCGTAACATAG-1	C1	75.21
GAGGTCCGTAGCCATT-1	aPD2	37.18
GAGGTCCTCAAACCAC-1	C2	32.23
GAGTGAGAGGTCGGTA-1	C2	44.82
GAGTGAGCAGGACCTC-1	unassigned	22.19
GAGTGAGGTTACGCTA-1	C2	36.65
GAGTGAGTCTACTGCC-1	aPD3	22.53
GATCATGGTAGAACGC-1	C1	55.54
GATCATGGTATTCGCA-1	aPD1	53.49
GATCATGGTCCCGAGT-1	aPD1	35.8
GATCATGGTGGACAGT-1	C2	31.27
GATCGTAAGCCTCGCA-1	aPD2	26.04
GATCGTAAGGACTAGC-1	aPD1	32.21
GATCGTACAGTCAGAG-1	unassigned	23.33
GATCGTAGTCATAGCT-1	C1	27.92
GATCGTATCCAACGCG-1	aPD3	23
GATGATCCACACATGT-1	C2	53.8
GATGATCTCGATGCAT-1	C2	23.4
GATGATCTCGGTTAGT-1	C2	42.8
GATGATCTCTACCCGT-1	aPD3	25.83
GATGGCCAGGTAGGAA-1	aPD3	75.47
GATGGCCAGGTCTTGT-1	aPD1	70.08
GATGGCCAGGTGATGC-1	C2	45.35
GATGGCCCATGCGACC-1	C1	29.68
GATGGCCTCAGAGTGG-1	unassigned	44.91
GATGGCCTCGGTCAGC-1	unassigned	28.88
GATGGCCTCTATTTCG-1	aPD3	40.79
GATGGCCTCTCTGACC-1	aPD3	40.96
GATGGCCTCTCTTAAC-1	C2	45.86
GATTAGCAGTGAAACT-1	aPD3	65.33
GATTAGCGTGGACAGT-1	aPD3	25.85
GATTGACAGAAAGGGT-1	aPD2	47.38
GATTGACAGCGCACAA-1	C2	30.35
GATTGACAGCTATCGT-1	C2	25.78
GATTGACCAGGCACAA-1	aPD3	31.45
GATTGACCATTATGGC-1	C2	24.43
GATTGACCATTGTTCT-1	C2	25.8
GATTGACCATTTAGGC-1	C1	22.08
GATTGACGTTAGGCTT-1	aPD2	49.1
GCAAAGGAGGGTCTGA-1	aPD2	40.53
GCAAAGGAGTAATGTG-1	C2	50.57
GCAAAGGAGTGAGCAC-1	C1	57.51
GCAAAGGCACAGTAGG-1	C1	38.12
GCAAAGGCATACTGCA-1	aPD3	46.74
GCAACCGAGACTAGCG-1	unassigned	20.42
GCAACCGAGCCATTCA-1	C2	28.29
GCAACCGAGGACTTTC-1	C2	22.95
GCAACCGCAAGTTGCT-1	unassigned	39.91
GCAACCGGTGTTGTTG-1	C1	38.95
GCAACCGTCTGGCTAA-1	C2	43
GCACCTTAGGTGTTGG-1	unassigned	55.55
GCACCTTAGTACCACT-1	C2	37.85
GCACCTTCATGTAGAA-1	C1	32.23
GCACCTTGTCCTATTT-1	aPD2	56.12
GCACCTTGTGTTGTTG-1	aPD3	21.53
GCACCTTGTTACTTTC-1	C1	44.96
GCACCTTGTTCTCGAA-1	C2	21.3
GCACCTTTCGACTATG-1	C2	20.98
GCACCTTTCTAGCAGT-1	aPD3	22.22
GCACGCAAGGATTTGA-1	C2	42.91
GCACGCACACCTACCT-1	unassigned	28.19
GCACGCACATTCACGA-1	C2	31.31
GCACGCAGTCGCGCTA-1	C2	20.04
GCACGCAGTGTGACCC-1	C2	33.01
GCACGCATCGCTCTAC-1	C2	21.11
GCACGCATCTAGCAGT-1	C2	38.66
GCACGGTAGCGCAATG-1	C1	42.97
GCACGGTAGTTGACAA-1	aPD3	27.93
GCACGGTGTCTGCGCA-1	aPD1	46.59
GCACGGTGTTCCCTTG-1	aPD2	34.91
GCACGGTGTTTCGTTT-1	aPD1	34.67
GCACGGTTCAGGAAGC-1	aPD2	29.83
GCAGATTAGAGACTCG-1	aPD1	34.66
GCAGATTAGATCGATA-1	aPD3	23.23
GCAGATTCATCCTCGT-1	aPD3	24.81
GCAGATTTCAGGGTTT-1	C1	29.65
GCAGATTTCGCGGCAT-1	C1	41.22
GCAGCCACAACGGACA-1	C2	30.23
GCAGCCAGTACTATGC-1	unassigned	53.35
GCAGCCAGTATCACAC-1	unassigned	24.68
GCAGCCAGTTACTACG-1	C2	26.72
GCAGCCATCGCTTGAA-1	C2	23.02
GCAGCTGCATCTGCAA-1	C2	25.55
GCAGCTGCATGATTGC-1	C2	42.6
GCAGCTGGTCATCAAC-1	C2	21.48
GCAGCTGGTCCGCTTT-1	C2	31.01
GCAGCTGGTGCCCTAG-1	C2	34.5
GCAGCTGGTGCTGAAG-1	C1	35.4
GCAGCTGTCACGTCAA-1	C2	46.27
GCAGCTGTCCGTACGG-1	C1	26.2
GCAGCTGTCGTATAGC-1	aPD3	27.93
GCATGATGTGGAAAGA-1	C1	24.12
GCATGATTCGTATAGC-1	C1	22.57
GCATTCCAGAACGACC-1	C1	34.27
GCATTCCAGCAGAAAG-1	C1	29.68
GCATTCCAGGCCTCGT-1	C2	39.56
GCATTCCAGTAGGTCG-1	C2	22.23
GCATTCCGTCTGCACG-1	aPD2	53.79
GCATTCCTCTGGCCAG-1	C1	31.78
GCATTGAAGATGTTCC-1	aPD2	33.86
GCATTGAAGGCTGGAT-1	C1	55.62
GCATTGAAGTCCCTCT-1	C1	47.18
GCATTGAAGTCGAAAT-1	aPD3	21.93
GCATTGAAGTTCCAGT-1	aPD3	34
GCATTGAAGTTCCCGG-1	C2	24.96
GCATTGACAGTTGCAT-1	aPD3	21.5
GCCAGCACATATTGGC-1	aPD2	36.41
GCCAGCATCGAGAACG-1	C2	25.1
GCCAGCATCGCAAACT-1	aPD3	58.43
GCCATAAAGAGCAGCT-1	aPD3	67.76
GCCATAAAGTTCCCGG-1	unassigned	61.56
GCCATAACAAAGGAAG-1	C2	40.85
GCCATAACATCGAGTT-1	C2	33.67
GCCATAAGTAATGCAA-1	aPD3	33.49
GCCATAAGTAGGTCTT-1	aPD3	23.87
GCCATAAGTCGATTAC-1	C2	34.77
GCCATAAGTCTTAGCA-1	aPD3	21.64
GCCATAAGTGTCCTTC-1	C2	21.68
GCCATAATCGCTCTAC-1	aPD2	51.93
GCCCAGAAGAACGCCA-1	C1	41.46
GCCCAGAAGACGAAAG-1	aPD2	61.94
GCCCAGACAACGAGGT-1	C2	36.95
GCCCAGACATCGCCTT-1	C2	20.61
GCCCAGAGTGGGTAGT-1	aPD2	25.56
GCCCAGATCAAAGTAG-1	aPD2	65.88
GCCCGAACAAGGGAGG-1	C1	21.12
GCCCGAACACGATTAC-1	aPD3	24.54
GCCCGAACATTGCGAT-1	unassigned	71.85
GCCCGAAGTAGGGTTG-1	C1	30.48
GCCCGAAGTCATAGAA-1	aPD3	26.59
GCCCGAATCTCCCTTT-1	C2	27.49
GCCTACTAGAATACTG-1	aPD3	22.3
GCCTACTAGAGCAGCT-1	aPD2	33.97
GCCTACTAGCGCCTAC-1	C2	34.68
GCCTACTAGGACCGAT-1	aPD2	23.53
GCCTACTAGTAACATG-1	C2	22.42
GCCTACTAGTTAGCGG-1	C2	32.81
GCCTACTTCGAGAACG-1	aPD3	20.64
GCCTACTTCTGGCTAA-1	C2	21.98
GCCTAGGAGGCAAGGG-1	C1	30.09
GCCTAGGAGTAACATG-1	C2	20.66
GCCTAGGCACAATAAG-1	aPD3	30.56
GCCTAGGGTTACTACG-1	C2	31.31
GCCTAGGTCTCTGAGA-1	C2	26.59
GCGAGAAGTCGTAATC-1	C1	39.73
GCGAGAAGTGCACTTA-1	aPD3	22.41
GCGAGAAGTGGAAGCT-1	C1	33.21
GCGAGAAGTTACGGAG-1	C2	30.52
GCGAGAAGTTAGGAAT-1	C2	33.05
GCGAGAAGTTTGTCTT-1	aPD1	36.89
GCGAGAATCCGATGCG-1	aPD2	32.2
GCGAGTCAGGACCGAT-1	aPD3	27.85
GCGAGTCAGTCGTGAG-1	C1	88.41
GCGAGTCCATGGGTGA-1	C2	22.9
GCGAGTCGTGTTTCTT-1	C1	25.23
GCGAGTCGTTGGACGA-1	aPD3	21.42
GCGAGTCTCAATTGGC-1	C2	47.52
GCGAGTCTCCGTCAAA-1	C2	25.63
GCGATCGAGCATTGGG-1	C2	23.05
GCGATCGAGTATACCC-1	C2	24.23
GCGATCGAGTGAAGGA-1	aPD2	29.96
GCGATCGCAACAAACA-1	C1	25.89
GCGATCGGTGGCATAG-1	C1	34.65
GCGATCGGTGGTACTT-1	C2	32.22
GCGATCGTCGTGAACT-1	aPD3	35.53
GCGATTAAGCCAGAAC-1	aPD2	31.66
GCGATTAAGGGTTCCC-1	C2	21.71
GCGATTAGTCGCTAGC-1	C2	48.8
GCGCATGAGGTCACTT-1	aPD2	73.67
GCGCATGGTGGCCTCA-1	C2	28.65
GCGCATGTCGAACACT-1	aPD3	21.39
GCGCCAAAGGAGTCTG-1	aPD3	31.11
GCGCCAAAGGCCAGTA-1	C2	21.08
GCGCCAACACAAACGG-1	C2	31.82
GCGCCAACAGCGTGAA-1	aPD2	23.5
GCGCCAAGTGGACAGT-1	C1	41.16
GCGCCAAGTTTCCGGG-1	aPD3	32.24
GCGCCAATCACGTCAA-1	aPD1	62.78
GCGCCAATCTTAGTGG-1	C1	30.86
GCGGAAACAGGGAGTT-1	aPD2	43.36
GCGGAAACATCGCCTT-1	aPD3	49.2
GCGGAAAGTGTCGTCG-1	aPD1	22.48
GCGGAAATCTGAGTAC-1	aPD3	32.06
GCGGGTTAGCATACCT-1	aPD2	45.1
GCGGGTTAGTAGCAAT-1	C2	60.04
GCGGGTTCAACTCAAC-1	unassigned	29.94
GCGGGTTTCGCGCCAA-1	aPD2	21.11
GCGGGTTTCTTAACGG-1	C2	23.35
GCGGTGTAGTCCAGAG-1	aPD3	45.22
GCGGTGTCAACGGACA-1	C1	58.01
GCGGTGTCACCACAGC-1	aPD3	23.74
GCGGTGTCAGCGTACC-1	aPD3	33.99
GCGTAGCCAGATTAAG-1	C1	53.74
GCGTAGCGTCCTCAGG-1	aPD3	30.6
GCGTAGCTCACCCTTG-1	aPD3	32.16
GCGTTGGAGGTTAACA-1	C1	22.71
GCGTTGGAGTTCAACC-1	aPD2	23.76
GCGTTGGCAAGCGAAC-1	C1	43.68
GCGTTGGTCATCGCAA-1	C1	38.13
GCGTTGGTCCTTACGC-1	C1	21.11
GCGTTGGTCGCCACTT-1	unassigned	30.17
GCTCACTAGAAATACC-1	aPD1	33.91
GCTCACTAGATTAGAC-1	aPD2	25.77
GCTCACTGTAGTCCAT-1	C2	36.88
GCTCACTGTCAAATCC-1	C1	41.34
GCTCACTGTGCTTCCT-1	C1	36.78
GCTCACTTCTCCTTAA-1	C2	46.48
GCTCAGGAGGCCTCGT-1	C1	27.58
GCTCAGGAGTGAGTTA-1	aPD2	28.33
GCTCAGGCATCCTGGG-1	C2	34.41
GCTCAGGTCCTGAAAC-1	C2	71.24
GCTCCTAAGGAAGACA-1	C1	36.15
GCTCCTACAATTCTCT-1	C1	49.78
GCTCCTATCAGTCACA-1	C2	31.3
GCTCCTATCCTCCATG-1	aPD3	32.07
GCTCGAGCAGCCACGT-1	C2	22.34
GCTCGAGGTCAGGTGA-1	C1	25.98
GCTCGAGTCAGCACGC-1	C2	23.55
GCTGAGCCACGCGTTG-1	C1	42.36
GCTGAGCGTATCGCGC-1	C1	50.22
GCTGAGCGTCATCGTA-1	C1	32.98
GCTGAGCGTGTCCCAG-1	aPD2	31.48
GCTGCGAAGGACTTTC-1	unassigned	55.01
GCTGCGAGTGATAAGT-1	unassigned	69.28
GCTGTTCCAAGATGCG-1	C1	43.05
GCTGTTCCACCTGTGG-1	C1	42.54
GCTGTTCCACTCCCAT-1	C2	33.62
GCTGTTCGTAGTATCC-1	aPD1	40.93
GCTGTTCGTGCATTGT-1	C2	24.59
GCTGTTCGTGTAGGAC-1	aPD3	26.92
GCTGTTCTCCACGGCA-1	C2	33.49
GCTGTTCTCCCTACGT-1	aPD3	22.93
GCTTAAGCATTGCACA-1	aPD1	26.53
GCTTAAGGTATACGCT-1	C2	25.27
GCTTAAGTCGATCGCG-1	C1	51.31
GCTTGCTTCCATCATT-1	C2	43.3
GCTTGCTTCTGTGTCC-1	C2	26.39
GGAACCCAGGGAAGCG-1	C1	32.56
GGAACCCCACCCATCT-1	unassigned	24.13
GGAACCCTCACATTCT-1	C1	39.47
GGAACTTAGTTATGAG-1	C1	60.77
GGAACTTCATTGAACC-1	aPD3	28.98
GGAACTTGTCTAACCA-1	unassigned	20.07
GGAACTTGTGATCAGG-1	C1	50.07
GGAATCTAGAGGCGGA-1	aPD3	21.94
GGAATCTCAACGTCCG-1	aPD3	23.07
GGAATCTGTTGTGAGG-1	C2	38.01
GGAATCTTCCCAGCGA-1	C2	30.1
GGAATCTTCGTCCCAT-1	C2	30.54
GGAATCTTCTAGCAGT-1	aPD3	21.15
GGAATCTTCTCTCAAT-1	C1	43.24
GGACACCAGACTCGGA-1	aPD1	21.01
GGACACCAGGATGTAT-1	C2	22.19
GGACACCCATCATGTG-1	aPD3	21.54
GGAGAACCAAATAGTG-1	C2	33.52
GGAGGATGTATTCTGG-1	C2	30.87
GGAGGATTCACTGATG-1	C2	26.85
GGAGGATTCCGGACTG-1	C1	64.63
GGAGTAGGTCCAAGTT-1	C2	22.95
GGAGTAGGTTTGATCG-1	C1	33.29
GGAGTAGTCGCAAACT-1	aPD1	30.16
GGAGTAGTCTGCTACC-1	C2	22.81
GGATAGGCACAGGTAG-1	C1	75.77
GGATAGGCATCAGAAA-1	aPD3	28.25
GGATAGGGTCATCAAC-1	aPD2	55.68
GGATAGGTCGAACACT-1	C1	41.44
GGATGAGAGTCTCGAT-1	aPD2	60.61
GGATGAGCAGGCACAA-1	C2	38.39
GGATGAGGTACGACCC-1	aPD2	21.23
GGATGAGTCTATCTTG-1	aPD3	23.57
GGCACGTCAAACCGAG-1	C2	45.4
GGCACGTTCCGGGCAT-1	C2	23.99
GGCATTAAGACCCATT-1	aPD1	32.61
GGCATTAAGGATGTAT-1	C2	21.81
GGCATTAAGGCCAGTA-1	aPD3	25.9
GGCATTACACAAACAA-1	C1	23.84
GGCATTAGTAGCGGTA-1	aPD3	20.37
GGCATTAGTGAGTTGG-1	C1	46.17
GGCGAAAGTACGGAGT-1	C1	20.75
GGCGAAATCGACTGGC-1	C2	39.16
GGCGTTGAGAGCGGTT-1	aPD2	34.96
GGCGTTGAGCTAGCAG-1	unassigned	61.78
GGCGTTGAGGCAAGGG-1	aPD2	41.2
GGCGTTGAGGTTTCTG-1	C2	44.77
GGCGTTGAGTAGAAGG-1	C2	23.59
GGCGTTGCAGTTACAC-1	C2	21.1
GGCGTTGGTCACCGCA-1	aPD2	20.24
GGCGTTGTCGTCCCTA-1	aPD3	28.77
GGGAACACACCACAGC-1	C1	32.01
GGGAACAGTCCAAGAG-1	aPD2	44.62
GGGAACATCGCTATTT-1	unassigned	35.24
GGGAACATCTATATCC-1	aPD3	26.27
GGGACCTCAAGGCGTA-1	aPD3	22.62
GGGACCTCAGAACAGC-1	C2	22.12
GGGCCATAGTGAGCTG-1	aPD3	54.31
GGGCCATCATATAGAG-1	C1	25.69
GGGCCATGTTAGTAGA-1	C2	20.07
GGGCCATTCAGCCGAC-1	aPD3	30.59
GGGCCATTCAGGTCTA-1	aPD3	26.03
GGGCCATTCTCTGACC-1	aPD3	28.74
GGGTCTGGTACTTCAG-1	aPD3	23.86
GGGTCTGGTTCTTTGT-1	C2	38.01
GGGTGTCGTAACACTC-1	aPD3	26.29
GGGTTATAGTGCACAG-1	C2	31.75
GGGTTATGTAGACACG-1	C1	56.95
GGGTTATGTCCATTGA-1	C2	21.57
GGGTTATGTGCAAAGC-1	aPD1	45.15
GGGTTATTCGCCCTTA-1	C2	37.48
GGTACCGAGTCCCTCT-1	aPD3	30.95
GGTACCGAGTCTGCTA-1	aPD1	33.96
GGTACCGAGTGAGTTA-1	C2	22.35
GGTAGGAAGGGAGATA-1	C1	36.22
GGTAGGAGTGGAAGCT-1	unassigned	39.69
GGTAGGATCCAGGTCG-1	C1	47.14
GGTAGGATCGCGTTCT-1	C2	21.17
GGTCATAAGACCAATA-1	C1	49.94
GGTCATAAGGTTCGAG-1	C2	39.22
GGTCATAAGTGATTAG-1	C1	53.29
GGTCATATCACTCGGG-1	C1	24.06
GGTCATATCGTATAGC-1	C1	28.73
GGTGAAGAGCCGCTGT-1	C2	32.04
GGTGAAGCACTGTTAG-1	C2	42.03
GGTGAAGGTCGTAGTT-1	aPD3	38.57
GGTGAAGGTGAGGTCA-1	aPD1	20.65
GGTGCTGAGAAATGGG-1	C1	28.05
GGTGCTGAGTCCCGCA-1	aPD1	28.53
GGTGCTGGTCTCTGGG-1	aPD3	21.68
GGTGTCGAGAATATCG-1	aPD3	23.35
GGTGTCGCATGGGTGA-1	C2	26.54
GGTGTCGCATTCACCC-1	aPD3	30.18
GGTGTCGGTACCCATA-1	aPD2	60.09
GGTGTCGTCTATCCTA-1	aPD1	54.1
GGTTGCGAGAGCACTG-1	aPD3	22.13
GGTTGCGAGAGGAACA-1	aPD1	24.12
GGTTGCGAGCCAGAAC-1	unassigned	32.01
GGTTGCGCACGCTCAG-1	C2	37.35
GGTTGCGCACGTTACA-1	aPD3	20.86
GGTTGCGCAGCTATAC-1	C2	35.4
GGTTGCGCATTACTTC-1	C2	25.66
GGTTGCGGTTTCCTAT-1	C2	40.13
GTAATCGAGACGCCAA-1	aPD2	44.23
GTAATCGGTCTGGATT-1	aPD3	41.19
GTAATCGGTGCATTGT-1	C2	26.88
GTAATCGGTGCGCTCA-1	unassigned	39.65
GTAATCGTCCGATTGA-1	C1	44.5
GTACTTTAGTACAGTA-1	aPD2	32.07
GTACTTTCAACTAGAA-1	C2	32.28
GTACTTTCATCACAGT-1	C1	26.35
GTACTTTGTAGAATAC-1	C1	25.71
GTACTTTTCTTAGTGG-1	C2	34.82
GTAGACTAGCAGAATT-1	C2	26.81
GTAGACTTCCCAATGA-1	C2	39.49
GTAGACTTCGGGACAA-1	C1	48.48
GTAGGAGCAAGAGCGT-1	C1	31.46
GTAGGAGCACCACGAC-1	aPD3	31.98
GTAGGAGGTCTGGTTA-1	C2	41.43
GTAGGAGGTTGCCTGG-1	C2	23.44
GTAGTACCAAAGGCCA-1	C1	37.71
GTAGTACCAGTAACTC-1	C2	25.4
GTCACAAAGAAGGGCG-1	C1	32.57
GTCACAACAACGAGGT-1	aPD3	34.38
GTCACAATCCAGTACA-1	aPD1	28.18
GTCACAATCGTCAACA-1	C2	30.89
GTCACCTAGCTCCATA-1	C1	42.37
GTCACCTAGGTTGTTC-1	C1	26.66
GTCACCTCAATGGTCT-1	C2	29.92
GTCACCTGTTCCCTTG-1	C1	36.76
GTCACCTGTTGCTTGA-1	C1	43.79
GTCACCTTCTCTATCA-1	aPD3	30.68
GTCACGGCACTTTGGA-1	C2	41.02
GTCACGGGTAGTACAA-1	C2	22.39
GTCACGGTCACTTACT-1	C2	32.67
GTCACGGTCCCGGGTA-1	aPD3	38.38
GTCACTCCACGTTGTA-1	C1	35.05
GTCACTCGTCAGAAAT-1	aPD3	24.54
GTCACTCTCCAGTACA-1	C2	26.94
GTCACTCTCCATTGAG-1	C1	53.68
GTCACTCTCGTGGAAG-1	C1	38.62
GTCCATCCAATTGGCT-1	C1	26.75
GTCCATCTCCTCCCAA-1	C2	30.06
GTCCATCTCGTGTGCG-1	aPD1	52.29
GTCGTAACAAGGCGTA-1	C2	34.29
GTCGTAACACTGTCAA-1	aPD3	42.58
GTCGTAACAGCGTCGT-1	C1	64.44
GTCGTAATCCTTGACC-1	C1	23.85
GTCTACCCAATGGCTT-1	aPD1	29.27
GTCTACCGTAATGTAG-1	aPD1	43.28
GTCTACCTCGCACAAT-1	aPD3	27.29
GTCTACCTCTTCAGAG-1	aPD1	50.14
GTGACATAGGTTCTCA-1	aPD2	39.74
GTGACATCAAGAAACT-1	C2	44.84
GTGACATTCGTTCTAT-1	unassigned	30.14
GTGATCAAGCTTTCCC-1	C2	23.24
GTGATCAAGGGCTCTC-1	aPD1	25.11
GTGATCAAGTGTAATG-1	C2	23.07
GTGATCACACCACAGC-1	aPD3	29.58
GTGATCAGTGCATTGT-1	C2	21.69
GTGATCATCCAGAGAG-1	C2	29.59
GTGATCATCTTGTACT-1	aPD2	54.56
GTGCACGCAACTCGTA-1	aPD3	28.46
GTGCACGTCGTGAACT-1	C2	33.21
GTGCACGTCTCTTCTC-1	C1	30.82
GTGCCAGCATTTCTTG-1	aPD3	22.1
GTGCCAGGTAGTGATA-1	C2	26.29
GTGCCAGGTGCTTGAT-1	aPD3	24.19
GTGCCAGGTGTCGTGC-1	C1	22.27
GTGCCAGTCCCGGGTA-1	aPD3	21.35
GTGCCAGTCCTTCGAC-1	C2	31.28
GTGCTGGTCTAGCTGA-1	aPD1	27.91
GTGGATTAGAAATACC-1	C2	21.15
GTGGATTGTAAGTGCG-1	C1	60.48
GTGGATTTCAGCACTA-1	C2	31.1
GTGGCGTAGACCGCAA-1	C1	25.22
GTGGCGTAGCCTCGCA-1	unassigned	43.68
GTGGCGTCAATTGGCT-1	C2	37.87
GTGGCGTCACTAGGAG-1	aPD3	28.94
GTGGCGTGTAGCCATT-1	aPD2	23.02
GTGGCGTGTGTACGCC-1	C1	30.63
GTGGCGTGTTCTTAGG-1	aPD2	40.11
GTGGCGTTCCGTGCAG-1	C2	23.83
GTGTCAAAGTCGAGCA-1	C1	32.63
GTGTCAAGTGCACCCA-1	C2	23.94
GTGTCAATCCGGAAAG-1	aPD3	37.35
GTGTCCTAGTAGTTCC-1	C1	23.14
GTGTCCTCAGGCAAGT-1	aPD3	36.31
GTGTCCTGTCATCGTA-1	unassigned	24.71
GTGTCCTGTTGGGAAC-1	C2	46.81
GTGTCCTTCTAGCAAC-1	aPD1	67.4
GTGTGATAGCGTTGCC-1	C2	27.87
GTGTGATCATTGAACC-1	C2	36.12
GTGTGATGTTACTTTC-1	aPD2	22.12
GTGTGATGTTTCCTAT-1	aPD2	32.26
GTTACGAAGAGGCGGA-1	aPD1	32.95
GTTACGAAGCAGGAGG-1	C2	26.71
GTTACGACAGCGTGAA-1	aPD3	25.57
GTTACGAGTCATAAGA-1	aPD2	38.11
GTTACGAGTTCGGGAA-1	unassigned	51.42
GTTACGATCCGTTAGA-1	C2	22.68
GTTACGATCGGTTAGT-1	aPD2	29.08
GTTACGATCTGTTGCC-1	C1	26.64
GTTACGATCTGTTTAC-1	aPD3	33.11
GTTACTTCATGGGAAC-1	aPD1	20.71
GTTACTTGTCGCTAGC-1	aPD3	25.74
GTTACTTGTTGGTAAA-1	C2	26.6
GTTATGGAGCCAGAAC-1	aPD3	31.85
GTTATGGGTTCTGAGT-1	C1	20.36
GTTATGGTCTCTTAAC-1	C2	38.74
GTTATGGTCTGAGTCA-1	aPD3	21.79
GTTATTCAGACTAGGC-1	aPD2	24.15
GTTATTCAGGCGTCCT-1	aPD3	31.3
GTTATTCGTGGTCGAA-1	C2	34.15
GTTCAAGAGGCACTAG-1	aPD1	24.92
GTTCAAGCATCGCTAA-1	aPD2	34.87
GTTCAAGCATTGCGAT-1	aPD3	25
GTTCAAGTCGCGCTGA-1	aPD1	46.24
GTTCAAGTCGTGGTAT-1	C1	26.46
GTTCAAGTCTATCCTA-1	C2	44.09
GTTGGGCGTAGCGAGT-1	unassigned	33.89
GTTGGTAAGACCCTAT-1	C1	20.62
GTTGGTAAGGGCGAAG-1	C1	50.27
GTTGGTACAGGATGTG-1	C2	49.4
GTTGGTAGTGGTAAGC-1	aPD2	26.88
GTTGGTATCCCAATGA-1	aPD1	24.94
GTTGGTATCTGGAAGG-1	C2	53.56
TAAACCGAGACCATAA-1	C1	36.28
TAAACCGAGTGTCCCG-1	C2	25.45
TAAACCGCACGCGATC-1	aPD2	26.68
TAACAGCAGGATCCTT-1	C2	25.34
TAACAGCGTAACCCAT-1	unassigned	37.91
TAACAGCGTAGTCCAT-1	aPD2	22.42
TAACAGCGTTACGAAA-1	C2	30.76
TAACAGCGTTGCAGCC-1	aPD3	28.33
TAACAGCTCCACGGCA-1	aPD2	33.07
TAACGGTAGCGATACG-1	aPD3	31.87
TAACGGTCAATTCTCT-1	C1	21.83
TAACTTCAGAGTTCGG-1	C1	27.35
TAACTTCAGATCCGAG-1	C1	31.82
TAACTTCGTGCTGGCT-1	aPD1	28.18
TAACTTCGTGTAGGAC-1	C2	26.6
TAACTTCTCGAACACT-1	C2	33.12
TAAGCCACAACTCAAC-1	C1	42.67
TAAGCCACACAAACGG-1	C2	42.94
TAAGCCAGTATCCCTC-1	C2	28.33
TAAGTGCAGGATGTCG-1	aPD3	32.62
TAATCGGGTAACGGCA-1	C1	60.1
TAATTCCCACTGTTAG-1	C2	33.54
TAATTCCTCACACGTA-1	C1	28.67
TAATTCCTCGAACCGC-1	C2	43.32
TACAGCAAGTTTGGAA-1	C1	58.56
TACAGCAGTCCCTTTG-1	C1	36.79
TACAGCAGTGTTGTTG-1	C1	43.72
TACAGCATCATGCTTT-1	aPD3	26.89
TACATGGCAACACGGA-1	aPD3	21.69
TACATGGCATCATCGA-1	C2	21.76
TACATGGGTCAGTGTT-1	C2	22.3
TACATGGGTGAGGTCA-1	aPD1	40.2
TACATTCCAAGGATGC-1	aPD2	22.69
TACATTCGTAGTGATA-1	C1	21.49
TACATTCGTGGAAGCT-1	C1	40.7
TACCCTGAGTTGCTTG-1	C2	27.44
TACCCTGGTAACAATG-1	unassigned	29.8
TACCCTGGTACGGAGT-1	aPD3	21.23
TACCCTGTCCAAGAGG-1	aPD3	24.36
TACCTATAGGGTTCCC-1	unassigned	40.21
TACCTATAGTGTCGGA-1	C2	37
TACCTATCAGAGCCAA-1	C2	24.13
TACCTATCATTCTTTG-1	aPD3	33.13
TACCTATTCCGTGCAG-1	C2	20.29
TACCTATTCGTTACAG-1	unassigned	35.78
TACCTCGAGAATACTG-1	aPD3	37.04
TACGCAAAGGCGACTA-1	unassigned	32.72
TACGCAAAGGTACTCT-1	unassigned	45.68
TACGCAAAGTACAGAT-1	unassigned	20.15
TACGCAACAACGGGTA-1	unassigned	44.16
TACGCAACATTTAGGC-1	unassigned	32.31
TACGCAAGTTGTGAGG-1	unassigned	38.72
TACGCAATCTGAGTAC-1	C2	35.71
TACGCCTCACAGTTCA-1	unassigned	25.73
TACGCCTGTGTCTACA-1	aPD3	39.81
TACGCCTTCCCACTAC-1	unassigned	63.87
TACGCCTTCGATGCAT-1	unassigned	28.38
TACGCCTTCTGACTTT-1	C1	47.37
TACGGATAGATAGGTT-1	unassigned	48.14
TACGGATCAATCCATG-1	aPD3	32.54
TACGGATCACTGGGCT-1	unassigned	22.99
TACTAGGAGCGAATAT-1	aPD3	36.71
TACTAGGCAAGTCCTA-1	C1	28.17
TACTAGGGTAGCTGTT-1	unassigned	30.3
TACTAGGTCCACGAGC-1	unassigned	23.84
TACTAGGTCTGGAAGG-1	unassigned	63.28
TACTCGCAGCGTTGCC-1	unassigned	28.61
TACTCGCCAACGCACC-1	unassigned	25.22
TACTCGCGTCAGGCTC-1	aPD3	55.15
TACTCGCGTCGACTGC-1	aPD3	20.96
TACTGCCAGGCTTAAA-1	unassigned	68.22
TACTGCCCAAATTGAG-1	unassigned	20.41
TACTGCCGTAATGCCT-1	unassigned	48.6
TAGACTGAGAGGCCTA-1	unassigned	31.19
TAGACTGCACTTACAG-1	C2	24.19
TAGACTGGTCTGATTG-1	aPD3	31.78
TAGACTGGTTGGCGAA-1	unassigned	48.9
TAGACTGTCCAAACCA-1	unassigned	22.25
TAGACTGTCCTGGGAC-1	unassigned	24.37
TAGACTGTCGGTCGAC-1	C2	41.86
TAGCACAAGTACGACG-1	unassigned	52.34
TAGCACACAAAGAAGG-1	C2	30.37
TAGCACACAAGCAGGT-1	C2	26.46
TAGCACACATCACAGT-1	aPD3	31.17
TAGCACACATCCATAG-1	unassigned	29.38
TAGCACATCTATCTAC-1	unassigned	28.25
TAGCACATCTCTTAAC-1	aPD3	22.38
TAGCATGCAAATAGTG-1	unassigned	74.3
TAGCATGCACGTGAAG-1	C2	29.39
TAGCATGTCCCGTAGG-1	aPD3	24.5
TAGCATGTCGTCAACA-1	unassigned	28.35
TAGCATGTCTCCTTAA-1	unassigned	38.41
TAGCCCTAGTGTCCCG-1	unassigned	29.94
TAGCCCTCAGTGCTCG-1	unassigned	45.26
TAGCCCTCATTGCACA-1	aPD3	37.9
TAGCCCTTCAGGTTTG-1	aPD3	31.45
TAGCCGGAGCTCGTTA-1	unassigned	20.33
TAGCCGGGTACCAAGG-1	C2	28.76
TAGCCGGGTGGAAAGA-1	unassigned	26.55
TAGCCGGTCGCCAGAC-1	unassigned	35.54
TAGCCGGTCTGGGCGT-1	unassigned	29.22
TAGCGGCAGTAATCAG-1	unassigned	52.41
TAGCGGCCAACTCGTA-1	unassigned	51.67
TAGCGGCCAAGGAACC-1	unassigned	30.64
TAGCGGCCAGGGTAAC-1	aPD3	34.02
TAGCGGCGTAGCGAGT-1	unassigned	48.36
TAGCGGCGTCCAAGAG-1	C2	24.55
TAGCGGCTCAGGAATA-1	C2	44.32
TAGCTTTCACGGCCAT-1	unassigned	28.95
TAGCTTTTCTACCCGT-1	unassigned	38.6
TAGCTTTTCTCTGCAC-1	unassigned	36.06
TAGGAGGAGTGCAACG-1	unassigned	58.06
TAGGAGGCATGGGAAC-1	unassigned	21.49
TAGGAGGCATTACCTT-1	aPD3	35.9
TAGGAGGGTCAGCTTA-1	C2	21.71
TAGGAGGTCATTCTTG-1	unassigned	59.89
TAGGAGGTCGCATAAC-1	aPD3	34.77
TAGGTCATCACAAGCT-1	C2	20.27
TAGGTGTCATTCCCGT-1	unassigned	38.25
TAGGTGTGTACCCACG-1	unassigned	45.92
TAGGTGTTCGGGTCCA-1	unassigned	43.68
TAGGTGTTCGTCCCAT-1	unassigned	42.79
TAGGTGTTCTGAGTAC-1	C1	20.34
TAGTCCCAGGTGAACC-1	C2	39.6
TAGTCCCCAACTAGAA-1	unassigned	29.08
TAGTCCCCAGTAAGAT-1	unassigned	27.89
TAGTCCCGTCAAATCC-1	unassigned	41.59
TAGTCCCGTTGCAGCC-1	unassigned	21.67
TAGTCCCTCCTCTCTT-1	unassigned	66.95
TAGTCCCTCGCCCTTA-1	unassigned	30.6
TATCGAGAGCAATAAC-1	C2	26.86
TATCGAGGTCCTTCAC-1	unassigned	24.23
TATCGAGTCTCTCAAT-1	unassigned	32.85
TATCTGTAGTGAGCAC-1	unassigned	43.75
TATCTGTCACTGAAGG-1	unassigned	24.9
TATCTGTGTATCATGC-1	unassigned	30.11
TATCTGTTCTACATCT-1	unassigned	60.04
TATGTGGCAAAGCTGG-1	unassigned	25.66
TATGTGGGTCGGCTGT-1	unassigned	27.88
TATGTGGTCCAGTTAG-1	C2	28.4
TATGTTCCACATTGCA-1	unassigned	24.99
TATGTTCCATCGAGTT-1	unassigned	32.43
TATGTTCGTTGCCGCA-1	unassigned	21.06
TATGTTCGTTTCTACT-1	C2	21.65
TATTGCTAGCGTGTTT-1	unassigned	27.61
TATTGCTCACGCGCAT-1	C1	24.92
TATTGCTGTGGTGGTA-1	unassigned	34.22
TATTGCTTCTCTATTG-1	unassigned	36.81
TCAAAGCCAAGTAATG-1	unassigned	25.93
TCAAAGCTCGTGGAAG-1	aPD3	24.32
TCAAGACCAACGGGTA-1	aPD3	28.16
TCAAGACCAATCATCG-1	unassigned	30.03
TCAAGACCAGCAATGG-1	aPD3	24.39
TCAAGACGTGTTGTTG-1	C2	21.94
TCAAGACTCTATCTTG-1	unassigned	46.48
TCAAGCAAGTGAATAC-1	unassigned	35.58
TCAAGCACACCTGAAT-1	unassigned	26.39
TCAAGCAGTCCACCAG-1	unassigned	48.85
TCAAGCATCAGTCAAC-1	unassigned	36.1
TCAAGCATCGGTTAGT-1	C2	37.46
TCAAGGTAGCTGAGGT-1	unassigned	41.49
TCAAGGTGTCGAGGAT-1	unassigned	43.85
TCAAGGTTCATACTTC-1	C2	20.03
TCAATTCGTATTCACG-1	C1	43.57
TCAATTCGTTTAGGAA-1	unassigned	33.17
TCAATTCTCACGTCAA-1	unassigned	67.4
TCAATTCTCACTAGCA-1	unassigned	62.75
TCAATTCTCTCTGTTA-1	unassigned	44.3
TCACAAGAGGTGTTGG-1	aPD3	33.86
TCACAAGCAACGGACA-1	aPD3	49.02
TCACAAGTCTGTAGAC-1	unassigned	20.71
TCACAGAAGGCTCAGA-1	unassigned	23.47
TCACAGAAGGTAAGCC-1	unassigned	23.3
TCACAGACAGAGAGAA-1	unassigned	26.72
TCACAGATCCCGAAGC-1	unassigned	29.44
TCACCACCAATGTAAG-1	C2	57.24
TCACCACGTCCCTAAA-1	unassigned	37.26
TCACCACTCCGGGCAT-1	C1	41.27
TCACCTGCAAGCGTCC-1	C2	21.16
TCACTCGAGGTGTTGG-1	unassigned	38.72
TCACTCGAGGTTCGAG-1	unassigned	50.02
TCACTCGCACTAGGAG-1	unassigned	48.91
TCACTCGTCGAGAAGC-1	C1	34.28
TCACTCGTCGAGGTAG-1	unassigned	36.11
TCAGCTCCATCCCGGA-1	aPD3	20.21
TCAGCTCTCAGTGTGT-1	aPD3	26.83
TCAGGGCCATCCTGGG-1	unassigned	36.79
TCAGGGCTCAGTCACA-1	C2	25.48
TCAGGTACAATACTGC-1	C2	22.29
TCAGGTAGTCCCGAGT-1	C1	21.1
TCAGTCCAGCTTACCA-1	unassigned	32.05
TCAGTCCAGGCCAATG-1	unassigned	47.96
TCAGTCCGTAAACGTA-1	C2	30.61
TCAGTCCTCGCTTGAA-1	unassigned	26.27
TCAGTTTAGCCTATAC-1	C1	21.61
TCAGTTTTCACAGGGA-1	C2	25.85
TCAGTTTTCTCTCAAT-1	C2	28.76
TCCAGAAAGGTTGTGG-1	C1	29.86
TCCAGAACAACTGCGC-1	unassigned	62.09
TCCAGAACACTGTAAC-1	unassigned	43.22
TCCAGAATCCATTGAG-1	aPD3	44.23
TCCATCGGTAAGTGCG-1	unassigned	30.79
TCCATCGGTCATCGTA-1	aPD3	49.19
TCCATCGGTCTGCGCA-1	aPD3	38.77
TCCATCGTCTAGCAGT-1	aPD3	20.75
TCCCACACACAAGGGT-1	C1	55.49
TCCCACACATGGCCCA-1	unassigned	31.25
TCCCACAGTGGATTCT-1	C2	26.15
TCCCACATCCTTTGAT-1	C2	44.35
TCCGACTAGAGGTCCA-1	unassigned	23.3
TCCGACTGTAACATAG-1	C2	28.71
TCCGACTGTACTTGAC-1	unassigned	31.07
TCCGACTGTCATCAAC-1	unassigned	24.89
TCCGACTGTTCTACCC-1	unassigned	36.53
TCCGACTGTTCTTATC-1	C1	27.01
TCCGACTTCGAGAAGC-1	unassigned	28.08
TCGAGCGAGCTAGTTC-1	unassigned	28.58
TCGAGCGCAATCCATG-1	unassigned	36.15
TCGAGCGGTACCCACG-1	unassigned	26.45
TCGAGCGGTAGGTCTT-1	unassigned	34.72
TCGAGCGGTCTAACCA-1	unassigned	36.15
TCGAGCGGTGCGCATC-1	C1	22.76
TCGATTTAGGAACCGT-1	unassigned	47.88
TCGATTTAGTGCCCTG-1	C2	25.02
TCGATTTTCCTTCGAC-1	aPD3	21.91
TCGCAGGAGAGCTGTG-1	unassigned	26.39
TCGCAGGCACATAAAG-1	aPD3	23.61
TCGCAGGCATGGAGGT-1	aPD3	22.46
TCGCAGGGTAGTAACA-1	unassigned	43.13
TCGCAGGGTCTTAGCA-1	C2	26.38
TCGCAGGTCCGATGCG-1	unassigned	31.09
TCGCAGGTCTCGCGTT-1	unassigned	42.74
TCGCCTAAGACAACGC-1	unassigned	66.26
TCGCCTACAACTCCCT-1	unassigned	28.15
TCGCCTAGTGTAGGAC-1	unassigned	21.76
TCGGGACAGCTCCGGT-1	aPD2	24.38
TCGGGACTCTCTGTTA-1	C2	41.64
TCGTTCGCAGAGCCAA-1	aPD3	21.62
TCGTTCGTCACAGGGA-1	unassigned	21.11
TCTAGTTAGTCACGCC-1	unassigned	22.16
TCTAGTTAGTGGTGTG-1	unassigned	71.47
TCTAGTTAGTTGTCCA-1	C2	33.26
TCTAGTTGTCAACGGA-1	unassigned	35.82
TCTAGTTTCGACTTAG-1	unassigned	20.52
TCTATTGCAAGTTGCT-1	unassigned	36.6
TCTATTGCACGCGTTG-1	unassigned	49.29
TCTATTGGTAAACGTA-1	unassigned	55.9
TCTATTGGTCTGATTG-1	unassigned	25.89
TCTCAGCAGCGTTGCC-1	C2	24.98
TCTCAGCCACTCGTGG-1	C2	29.4
TCTCAGCCATAGCAGG-1	unassigned	34.08
TCTCAGCGTCCAGACC-1	C2	29.35
TCTCAGCTCGAGAAGC-1	unassigned	20.59
TCTCTGGAGCCTCGCA-1	aPD2	61.26
TCTCTGGCACTACACA-1	unassigned	40.02
TCTCTGGGTGGTGGTA-1	aPD3	40.34
TCTCTGGTCCATAACG-1	unassigned	35.04
TGAATCGCAAAGAGAG-1	unassigned	48.39
TGAATCGCACGGTTAT-1	aPD3	37.27
TGAATCGGTACAAATG-1	C2	36.45
TGAATCGTCCCACGGA-1	C1	20.95
TGAATCGTCGGTACTA-1	unassigned	30.78
TGAATCGTCTACTTTG-1	unassigned	52.63
TGACAACCAACCTCTC-1	aPD3	29.06
TGACAACCAATACTGC-1	C2	22.34
TGACAACGTGGACCAA-1	unassigned	42.03
TGACAACGTGGCGCTT-1	unassigned	29.41
TGACAACTCTCTCAAT-1	aPD3	50.48
TGACAACTCTTTCGAT-1	unassigned	24.23
TGACTCCAGACCTATC-1	C1	25.48
TGACTCCGTAACGTAA-1	unassigned	22.25
TGACTCCGTCCAAGTT-1	C2	32.13
TGACTCCGTTTGACCA-1	C2	42.13
TGACTCCTCATTCTCA-1	unassigned	46.34
TGAGCCGCATATAGAG-1	unassigned	36.26
TGAGTCAAGAGTCCGA-1	C1	20.57
TGAGTCAAGCCTTTGA-1	unassigned	20.65
TGAGTCACACTCAAGT-1	unassigned	31.16
TGAGTCAGTAATGCCT-1	unassigned	31.62
TGAGTCATCAAACCAC-1	unassigned	29.04
TGAGTCATCGGTCTAA-1	unassigned	25.35
TGATCAGAGCGCAATG-1	unassigned	65.64
TGATCAGAGGTTCGAG-1	unassigned	23.04
TGATCAGAGTGAGCTG-1	unassigned	39.67
TGATCAGCAATTCTCT-1	C2	32.14
TGATGCAAGTCGAGCA-1	aPD3	27.58
TGATGCATCACATTCT-1	C2	27.53
TGATGCATCTGGCGCA-1	C1	28.41
TGATTTCGTGGATTTC-1	unassigned	24.93
TGATTTCTCTCGCGTT-1	unassigned	43.11
TGCACCTGTTTGTGAC-1	unassigned	28.73
TGCACCTTCCAATCCC-1	unassigned	30.07
TGCACCTTCCCACTTG-1	C1	32.42
TGCATGAGTTCTTAGG-1	unassigned	38.84
TGCATGATCGAGGTCC-1	unassigned	36.64
TGCATTTAGCCCATTA-1	C2	27.89
TGCATTTCAACGAGGT-1	C2	24.54
TGCATTTCACATTGCA-1	unassigned	41.14
TGCATTTCACGCGTTG-1	aPD3	36.44
TGCATTTCAGCTGATT-1	unassigned	22.71
TGCATTTCAGGCACAA-1	unassigned	35.24
TGCATTTCATAGACGG-1	aPD3	20.23
TGCATTTTCAACTTGG-1	unassigned	36.69
TGCATTTTCTCTTAAC-1	C2	63.38
TGCCTCACACCGTTGG-1	unassigned	23.94
TGCCTCAGTTTAAGGA-1	C2	30.07
TGCCTGTCAAGGTTCT-1	C2	27.44
TGCCTGTCAGGCACAA-1	unassigned	23.88
TGCCTGTCAGTTACAC-1	unassigned	24.77
TGCCTGTGTGCGCTCA-1	unassigned	45.47
TGCCTGTTCGCTTCAC-1	unassigned	32.33
TGCCTGTTCTCGTGAA-1	unassigned	23.07
TGCCTGTTCTTTGCAT-1	unassigned	73.37
TGCGTAAAGCTCGTTA-1	unassigned	23.05
TGCGTAACATTCTCGC-1	unassigned	21.54
TGCGTAAGTATTTGCG-1	C2	25.22
TGCGTAAGTGCCCTAG-1	C2	42.22
TGCGTAATCCTATCCG-1	C2	30.45
TGCGTAATCGTTTGAG-1	unassigned	42.3
TGCTATTGTAACTGAA-1	C2	33.21
TGCTATTGTTACCCAA-1	unassigned	36.9
TGCTCACCAGCGTACC-1	unassigned	23.84
TGCTCACCAGTTGCAT-1	unassigned	25.22
TGCTCACCATGTGAGG-1	aPD3	27.75
TGCTCACGTTACACTG-1	unassigned	33.57
TGCTCACGTTAGTAGA-1	aPD3	20.96
TGCTCACTCGCTATAG-1	unassigned	28.5
TGCTCACTCTCTGAGA-1	unassigned	39.17
TGCTCACTCTCTTCCT-1	unassigned	49.38
TGCTCACTCTGATCTT-1	C2	35.46
TGCTCGTCACTGCTCT-1	unassigned	55.35
TGCTCGTCACTGTCAA-1	unassigned	23.9
TGCTCGTCATTCACCC-1	aPD2	46.98
TGCTCGTTCACTAGGT-1	C2	21.49
TGCTTCGAGACTTCCA-1	C1	30.06
TGCTTCGAGGTTCTCA-1	unassigned	64
TGCTTCGCACCGTCTT-1	C2	36.84
TGCTTCGCACTGGGCT-1	unassigned	36.79
TGCTTCGCATCCCTCA-1	unassigned	40.96
TGCTTCGTCACACGTA-1	unassigned	27.63
TGCTTCGTCGCGTTCT-1	unassigned	38.91
TGCTTTAAGGGCTCTC-1	unassigned	21.08
TGCTTTAAGTGATTAG-1	aPD3	25.71
TGCTTTACAGTAACCT-1	aPD3	51.55
TGCTTTAGTAGAGAGA-1	aPD3	22.11
TGCTTTAGTATTCTCT-1	C2	28.66
TGCTTTATCAAGAGAT-1	unassigned	26.24
TGGAAGGAGATGGCAC-1	unassigned	25.07
TGGAAGGAGCGCCTAC-1	aPD3	46.22
TGGAAGGAGCTACGTT-1	C2	50.92
TGGAAGGCAGGCAGAT-1	aPD3	29.61
TGGACATAGTATAGTG-1	C2	24.16
TGGACATGTATATGGA-1	C2	22.61
TGGCAATAGGGTCCCT-1	unassigned	64.41
TGGCAATAGTCTAGAA-1	unassigned	35.37
TGGCAATCAACTCCCT-1	unassigned	48.78
TGGCAATCACATATCG-1	unassigned	29.09
TGGCAATCATTACACG-1	aPD3	36.74
TGGCCTTAGCATGTGG-1	aPD3	20.88
TGGCCTTGTATCTCAG-1	C2	26.66
TGGCCTTGTCCGTCGA-1	C2	37.38
TGGCCTTTCTCTTCTC-1	unassigned	40.74
TGGCGCAAGAGCCTGA-1	unassigned	22.58
TGGCGCAAGATCCGAG-1	C2	49.39
TGGCGCAAGCCGCTGT-1	C2	54.81
TGGCGCAAGTGTGTAA-1	unassigned	22.01
TGGCGCACAGGCTACC-1	C2	33.24
TGGCGCAGTCACTCTC-1	aPD3	28.18
TGGCGCATCGCGGCAT-1	C2	29.46
TGGGTGCAGAACAGGA-1	C2	37.02
TGGGTGCAGGTTGTGG-1	C2	23.32
TGGGTGCAGTCTCCAA-1	unassigned	34.18
TGGGTGCCACCGTTGG-1	aPD3	22.53
TGGGTGCCATGGGACA-1	unassigned	26.1
TGGGTGCTCACTCGGG-1	unassigned	25.61
TGGGTTAAGATGCGCA-1	unassigned	24.06
TGGGTTATCACAACAC-1	unassigned	55.4
TGGGTTATCTATCTTG-1	aPD1	65.15
TGGTCAACATAGGCGA-1	unassigned	45.04
TGGTCAAGTAACCCAT-1	unassigned	27.84
TGGTCAAGTCCTTATT-1	unassigned	23.18
TGGTCAAGTGGACGAT-1	unassigned	33.07
TGGTCAATCAGTCACA-1	unassigned	39.37
TGGTCAATCCTCCATG-1	unassigned	22.85
TGGTCCTAGTTACCAC-1	unassigned	34.65
TGGTCCTCAGGATGTG-1	unassigned	32.82
TGGTCCTGTCAACAGG-1	unassigned	41.95
TGGTCCTTCTTGTCAT-1	aPD3	27.33
TGTAAGCCAACGTACT-1	aPD3	26.45
TGTAAGCTCACAAGCT-1	unassigned	41.15
TGTAAGCTCAGTACAC-1	C2	31.61
TGTAAGCTCCGAATTG-1	unassigned	29.89
TGTAAGCTCCGTACGG-1	unassigned	48.49
TGTACAGAGTGTCACT-1	unassigned	24.55
TGTACAGGTAGCGGTA-1	unassigned	38.17
TGTACAGTCAGTGGTT-1	C1	21.12
TGTACGAAGCCATCAT-1	unassigned	65.56
TGTACGACAAGGGAGG-1	C2	37.35
TGTACGATCTTGGCCT-1	C1	59.39
TGTAGCACATCCCAAA-1	unassigned	25.31
TGTAGCAGTGGTACTT-1	unassigned	28.8
TGTAGCATCGGGAATG-1	unassigned	32.74
TGTAGCATCTATCTTG-1	unassigned	26.56
TGTGACAAGCTGAATA-1	unassigned	23.17
TGTGACAAGGGAAGCG-1	unassigned	56.18
TGTGACACAGTCCTGG-1	unassigned	27.62
TGTGACACATTTGGCA-1	unassigned	31.66
TGTGACAGTACTTCAG-1	unassigned	34.77
TGTGACATCCTTTGCG-1	unassigned	26.31
TGTGGCGCACGTGAAG-1	C2	47.43
TGTGGCGCAGAACAGC-1	C2	40.38
TGTGGCGGTCCTCAGG-1	unassigned	40.13
TGTGTCCAGTCTCGAT-1	aPD3	32.72
TGTGTCCTCCCAGCGA-1	aPD3	21.69
TGTTAGGAGCAACTGG-1	unassigned	54.03
TGTTAGGAGTAGGAAG-1	unassigned	20.31
TGTTAGGCAGTGGTCC-1	aPD3	22.29
TGTTAGGCATCAGAAA-1	unassigned	25.21
TGTTAGGGTCCTATTT-1	unassigned	30.24
TGTTAGGGTCTGGTTA-1	unassigned	24.09
TGTTAGGTCGCTATTT-1	aPD2	70.01
TGTTAGGTCGGGTCCA-1	unassigned	36.12
TTAACGGAGTACAGTA-1	C2	27.58
TTAACGGGTAAAGGCC-1	aPD3	20.3
TTAACGGGTCAATCCA-1	aPD3	33.21
TTAACGGGTTAGAGAT-1	C2	26.42
TTAACGGTCATGAACC-1	C2	25.6
TTACCCGCAAGTCCTA-1	aPD2	39.56
TTACCCGCAGGAGCAT-1	unassigned	35.71
TTACCCGGTCTAACCA-1	C1	41.1
TTACCCGGTTCCGGCA-1	unassigned	42.51
TTACCGCCAAACGACG-1	unassigned	50.26
TTACCGCCAAGCAATA-1	unassigned	21.95
TTACCGCCATACCCGG-1	unassigned	27.47
TTACCGCGTAACACTC-1	unassigned	44.45
TTACCGCGTAGAAGCC-1	C1	32.45
TTACCGCTCATTCTCA-1	unassigned	43.87
TTACCGCTCCGGGCAT-1	C1	49.5
TTACCGCTCGCGTGAC-1	unassigned	67.08
TTACGGAAGCACCATT-1	aPD3	38.33
TTACGGAAGGATGCCA-1	unassigned	20.5
TTACGGAGTCCAAGTT-1	unassigned	26.11
TTACGGAGTGGATTCT-1	C2	26.99
TTACGTTAGAGTAAGG-1	unassigned	22.2
TTACGTTTCCATCATT-1	aPD3	37.92
TTACTCAAGAGAACCC-1	unassigned	32.07
TTACTCAGTAGGGTTG-1	unassigned	33.22
TTACTCATCCATATCT-1	unassigned	37.73
TTACTCATCTACATCT-1	aPD3	21.15
TTACTCATCTGTGTGA-1	unassigned	28
TTACTTGAGGCGATTG-1	unassigned	47.63
TTAGCGAAGTATCTGC-1	unassigned	21.32
TTAGCGAAGTGAAGGA-1	C1	28.58
TTAGCGACATGGGAAC-1	unassigned	27.79
TTAGCGAGTCAGGCTC-1	unassigned	20.06
TTAGCTTCAGCAAACG-1	unassigned	99.42
TTAGCTTCATAGACGG-1	C2	46.46
TTAGCTTGTTCCAGTA-1	C2	25.55
TTAGGTGAGCGCAATG-1	unassigned	27.72
TTAGGTGAGCGCCTAC-1	unassigned	55.33
TTAGGTGGTTTGCCCT-1	C2	22.32
TTATGTCAGGGAGATA-1	C1	39.61
TTATGTCAGGTTAACA-1	aPD3	23.71
TTCAACTAGCATTGGG-1	unassigned	24.34
TTCAACTCATGGTATC-1	unassigned	27.17
TTCAACTTCAATGCAC-1	unassigned	39.18
TTCAACTTCAGGAATA-1	C2	28.07
TTCATCAAGCCATCAT-1	C2	45.75
TTCATCACATTATGGC-1	unassigned	28.63
TTCATCAGTAATGCAA-1	C2	25.43
TTCATCAGTCTGGGCT-1	C2	34.48
TTCATCATCTGGGCGT-1	aPD3	37.04
TTCATTGAGCAGGACT-1	unassigned	30.89
TTCGATTAGACACAAT-1	unassigned	25.23
TTCGATTAGAGTCCGA-1	C1	26.28
TTCGATTAGCTGGAGT-1	unassigned	36.76
TTCGATTCAGCAACAG-1	aPD3	58.95
TTCGATTCATCATCGA-1	unassigned	20.7
TTCGATTGTAGTCCAT-1	unassigned	34.6
TTCGATTGTTAGTAGA-1	unassigned	27.3
TTCGATTGTTATGCAC-1	unassigned	32.93
TTCGCGTAGCTATCCA-1	unassigned	42.37
TTCGCGTGTAGTGATA-1	unassigned	21.88
TTCGCGTGTGCTGAAG-1	C1	23.86
TTCGCGTGTGCTGGCT-1	unassigned	49.02
TTCGCGTGTTGAATAG-1	unassigned	23.44
TTCGCGTTCGCGCTGA-1	unassigned	32.74
TTCGCGTTCGTGGAAG-1	C2	21.26
TTCGGTCCACACTAGT-1	unassigned	24.68
TTCGGTCCACAGCCAC-1	unassigned	35.23
TTCGGTCCACCACGAC-1	unassigned	38.88
TTCGGTCGTAGTAACA-1	unassigned	84.98
TTCGGTCGTCTCTAAG-1	unassigned	45.34
TTCGGTCGTTTCTTAC-1	unassigned	23.24
TTCGGTCTCACAGGGA-1	unassigned	45.32
TTCGTTAAGCTGAAAT-1	unassigned	44.68
TTCGTTAAGGTCACTT-1	unassigned	29.57
TTCGTTACAACGTAGG-1	unassigned	20.78
TTCGTTACAAGCAGGT-1	unassigned	21.78
TTCGTTACACCTGGTG-1	C2	30.01
TTCGTTACATTACACG-1	unassigned	24.16
TTCGTTAGTGATAAGT-1	C2	61.37
TTCGTTAGTTGGCTAT-1	C2	23.56
TTCGTTATCAAAGTAG-1	C2	23.19
TTCGTTATCCAACAAC-1	unassigned	23.09
TTCGTTATCTATCTAC-1	unassigned	55.53
TTCTAACAGTAACATG-1	unassigned	28.35
TTCTAACAGTAGGAAG-1	C2	21.06
TTCTAACAGTCGAAAT-1	C2	37.69
TTCTGTACAGTATACC-1	unassigned	21.25
TTGAGCAAGATCGCCC-1	unassigned	26.89
TTGAGCAAGTCATACC-1	unassigned	36.65
TTGAGCAAGTGATTAG-1	aPD3	20.72
TTGAGTGAGGAGAACA-1	unassigned	27.89
TTGAGTGGTACGTAGG-1	C2	31.35
TTGAGTGTCGCTTCAC-1	C2	63.06
TTGCACCCAAGCAGGT-1	unassigned	23.56
TTGCACCCAATCCATG-1	aPD3	29.51
TTGCACCCAGGTGGTA-1	C1	37.18
TTGCACCCATCCATAG-1	unassigned	43.6
TTGCACCGTATCCCTC-1	unassigned	24.49
TTGCACCGTGAATGTA-1	unassigned	25.78
TTGCACCGTTTGCCAA-1	C2	33.69
TTGCACCTCAGGGTTT-1	C2	32.27
TTGCAGACACACATGT-1	unassigned	31.07
TTGCAGAGTAGATTAG-1	unassigned	35
TTGCAGATCAAGAGGC-1	unassigned	30.41
TTGCCCAAGAAATTCG-1	aPD3	23.63
TTGCCCAAGGGTTCCC-1	unassigned	21.59
TTGCCCAAGGTTTCTG-1	unassigned	38.89
TTGCCCAGTAGTAACA-1	unassigned	20.66
TTGCCCAGTGCCCGAT-1	unassigned	27.26
TTGCCCAGTGCGACCT-1	unassigned	22.65
TTGCCCATCCATGACA-1	unassigned	21.22
TTGCCCATCTATCCTA-1	unassigned	28.81
TTGCCCATCTTGTCAT-1	unassigned	38.07
TTGCGAAGTCACCGCA-1	C2	24.8
TTGCGAATCAGGAATA-1	C2	28.05
TTGCGGGAGTGGTGTG-1	aPD3	39.6
TTGCGGGCAAAGCTTC-1	unassigned	27.84
TTGCGGGCAATCAGGG-1	unassigned	68.63
TTGCTATAGTAGCAAT-1	C2	27.93
TTGCTATCAGGTGGTA-1	unassigned	24.29
TTGCTATCAGTCCTGG-1	C1	35.12
TTGCTATTCGGTCTCT-1	aPD3	33.28
TTGCTTACAATGGCAG-1	C2	33.95
TTGCTTAGTTCTGAGT-1	C2	34.01
TTGGTCCAGAACTAAC-1	aPD3	26.19
TTGGTCCAGATGCGCA-1	unassigned	42.12
TTGGTCCAGCAATAAC-1	C2	48.99
TTGGTCCGTAACACTC-1	C1	26.04
TTGGTCCGTTGTATCG-1	unassigned	62.32
TTGGTCCTCTCTGCAC-1	unassigned	46.32
TTGTCTAAGACCTATC-1	C2	23.67
TTGTCTACACTCCCAT-1	unassigned	31.91
TTGTCTACATTCCCGT-1	C1	39.33
TTGTTCAAGAAGGGCG-1	unassigned	28.05
TTGTTCAAGCGGACTA-1	aPD3	21.92
TTGTTCACATATACGC-1	unassigned	28.11
TTGTTCAGTGGTAAGC-1	unassigned	21.27
TTGTTCATCCAGCACG-1	aPD3	35.29
TTGTTCATCTTCATAC-1	unassigned	38.6
TTGTTGTAGCCGCTGT-1	C2	25.21
TTGTTGTCACCACCAG-1	unassigned	38.75
TTGTTGTCACTCGCAG-1	aPD3	37.59
TTGTTGTGTGCTTACA-1	C2	26.59
TTGTTGTTCGAGGCTC-1	unassigned	22.77
TTTACGTAGACCTATC-1	aPD2	25.08
TTTACGTAGCAGAAAG-1	unassigned	41.19
TTTACGTAGTCGATAA-1	C2	34.97
TTTACGTGTCAGCAAG-1	unassigned	30.24
TTTGAGGAGGTCGGTA-1	unassigned	33.79
TTTGAGGCAGAACGAC-1	aPD2	30.32
TTTGAGGGTGCACTTA-1	C2	36.74
TTTGAGGGTTAGCTCA-1	aPD3	36.87
TTTGAGGTCACTGGTA-1	C2	38.94
TTTGCGCAGGGATCCA-1	unassigned	26.11
TTTGCGCGTCATTGCA-1	aPD3	26.07
TTTGGCCAGCTACGCC-1	C2	44.29
TTTGGCCGTATCTGCA-1	unassigned	58.76
TTTGGTTAGTCCCGCA-1	unassigned	39.98
TTTGGTTAGTGAGCAC-1	unassigned	27.11
TTTGGTTCATCATAGC-1	unassigned	33.77
TTTGGTTTCCATACGA-1	aPD3	22.25
TTTGTGTAGACAGCTG-1	unassigned	38.66
TTTGTGTAGCCAGAAC-1	unassigned	22.25
TTTGTGTAGTTAGCAA-1	aPD3	37.98
TTTGTGTGTACCCATA-1	C2	21.8
TTTGTGTGTCGCTAGC-1	unassigned	42.64
TTTGTGTGTGGTGGTA-1	C2	26.64
