X7p	X7del	X7q	barcode	ngenes
0.076	1	0.995	AAACCCAGTAACGGTG-1	1389
0.223	0.974	0.992	AAACCCAGTAGGTACG-1	4144
0	0.92	0.997	AAACGAATCAAACGAA-1	653
0.27	0.9	0.996	AAACGAATCCAACTAG-1	2399
0	1	0.995	AAACGCTGTCACATTG-1	587
0	1	0.996	AAACGCTTCGAGAATA-1	794
0	0.787	0.996	AAAGAACAGGGCATGT-1	3109
0	1	0.995	AAAGGATCACTTCAAG-1	1109
0.394	0.741	0.997	AAAGGGCAGTAACCTC-1	5767
0.051	0.739	0.995	AAAGGGCCACGCTTAA-1	3925
0	1	0.995	AAAGGGCCAGGGAGAG-1	811
0.007	1	0.995	AAAGGGCTCCAAGAGG-1	769
0.005	0.974	0.997	AAAGGGCTCTGCGTCT-1	5131
0	1	0.995	AAAGGTATCAGCAATC-1	552
0.001	1	0.997	AAAGTGAAGCCTTTCC-1	2187
0.382	0.697	0.996	AAAGTGAAGGGAGGAC-1	2557
0.396	0.978	0.99	AAAGTGACAGAGAATT-1	3135
0.4	0.999	0.997	AAATGGAGTCCACTCT-1	4867
0	0.985	0.997	AAATGGAGTCGATGCC-1	3890
0.001	1	0.997	AACAACCAGTTACTCG-1	657
0	0.999	0.995	AACAACCCACACGGAA-1	675
0.003	0.999	0.997	AACAAGAGTACCTATG-1	1002
0	1	0.995	AACACACAGGATTCAA-1	1151
0.304	0.871	0.997	AACACACCAGGTGAGT-1	6401
0.282	0.658	0.995	AACAGGGAGAGGGTCT-1	5712
0.001	0.992	0.997	AACAGGGGTATAGGGC-1	2722
0.056	0.984	0.997	AACAGGGGTGGTCTAT-1	2409
0	0.783	0.994	AACCAACAGGTATTGA-1	2707
0	1	0.997	AACCACAAGGCAGGGA-1	1093
0.143	0.999	0.997	AACCACAAGTCAGGGT-1	2132
0.376	0.679	0.987	AACCACACATTGCTGA-1	1845
0.019	0.986	0.997	AACCACAGTATGGTTC-1	4597
0	1	0.997	AACCACATCCGTGTCT-1	1647
0.028	0.766	0.997	AACCATGGTGATTCAC-1	3212
0	1	0.997	AACCCAACAACCAGAG-1	1100
0	0.997	0.995	AACCTGAGTGATGTAA-1	2332
0.03	0.903	0.997	AACCTTTCATTGAGCT-1	2781
0	1	0.997	AACCTTTTCCATCCGT-1	716
0.01	1	0.995	AACGGGACAGGTGTTT-1	1268
0.003	0.999	0.996	AACGTCAAGGCTAAAT-1	2244
0.009	1	0.995	AACGTCATCGCCAGTG-1	2439
0.013	0.997	0.997	AAGAACACATCGGCCA-1	2586
0.015	0.872	0.996	AAGAACACATGGGTCC-1	3117
0	0.995	0.995	AAGAACAGTGAGCGAT-1	1661
0	1	0.997	AAGACAACAGCTGTTA-1	1359
0	1	0.996	AAGACTCAGAGCACTG-1	1427
0	0.848	0.985	AAGACTCAGCGACAGT-1	3581
0.282	0.793	0.99	AAGACTCAGTAGTCCT-1	1702
0.2	0.758	0.983	AAGACTCCATAGGAGC-1	3335
0	1	0.997	AAGACTCCATTGAAGA-1	1461
0.032	0.999	0.995	AAGATAGTCGTTCGCT-1	3191
0.032	0.983	0.996	AAGCATCAGAGGATCC-1	1546
0.11	0.877	0.997	AAGCATCAGTACTGGG-1	6532
0.384	0.658	0.993	AAGCCATAGGGAGGCA-1	6987
0	0.994	0.997	AAGCCATGTACTAACC-1	780
0.366	0.942	0.994	AAGCGAGTCAAGTGTC-1	6487
0	1	0.997	AAGCGAGTCGCCGAGT-1	1311
0	0.956	0.992	AAGCGTTAGAGCATAT-1	1241
0	0.998	0.996	AAGCGTTGTATGCGGA-1	3094
0	0.981	0.997	AAGCGTTGTGCGGATA-1	1557
0	1	0.98	AAGCGTTGTTCTTAGG-1	961
0	0.994	0.997	AAGGAATGTAATTAGG-1	3150
0.391	0.773	0.995	AAGGAATGTACCCAGC-1	6030
0.125	0.682	0.996	AAGGTAAAGGCACAAC-1	6358
0.001	0.678	0.992	AAGGTAAAGTCTTGGT-1	2870
0	0.993	0.997	AAGGTAAGTCATAAAG-1	2230
0	1	0.997	AAGTACCAGAGGATCC-1	1857
0.358	0.932	0.996	AAGTACCTCGGACAAG-1	3735
0.39	0.942	0.996	AAGTCGTAGCTGTCCG-1	2932
0	1	0.996	AAGTCGTCATTGGCAT-1	1058
0.263	0.67	0.994	AAGTCGTTCCCATGGG-1	5018
0.358	0.664	0.993	AAGTGAAGTGTGTCCG-1	4578
0	1	0.997	AAGTGAATCAAGAAAC-1	1032
0.395	0.997	0.997	AAGTGAATCGGAAACG-1	3572
0	0.995	0.997	AAGTTCGGTGGTCTCG-1	4185
0	1	0.981	AATAGAGCAATGGCCC-1	1328
0.236	0.912	0.969	AATAGAGGTACACGTT-1	3302
0.095	0.98	0.997	AATCACGGTACAACGG-1	2612
0.302	1	0.996	AATCGACCAACTGAAA-1	1357
0	1	0.997	AATCGACGTATCACGT-1	1538
0	0.984	0.996	AATCGACGTGCCCGTA-1	2909
0.015	1	0.994	AATCGACTCTCTGACC-1	1163
0.185	0.997	0.997	AATGAAGCATGCCATA-1	2668
0.018	1	0.997	AATGACCAGCTCAGAG-1	2641
0.332	1	0.996	AATGACCGTCATCCCT-1	1034
0.393	0.659	0.992	AATGACCGTCTTCTAT-1	6411
0.361	0.991	0.994	AATGACCGTGTGATGG-1	2572
0	1	0.997	AATGGAATCAGACATC-1	2769
0.035	1	0.996	AATGGAATCGTTCGCT-1	2935
0	0.996	0.996	AATGGCTAGCTAAATG-1	2729
0.258	0.663	0.994	AATGGCTAGGTTTGAA-1	3244
0	1	0.995	AATTCCTGTCGGAAAC-1	1568
0.396	0.67	0.994	AATTTCCAGGACGCAT-1	6545
0	1	0.992	AATTTCCCAGTAGTTC-1	1132
0	1	0.997	ACAAAGAGTCAAACGG-1	1042
0.001	0.995	0.997	ACAAAGAGTCCCAAAT-1	1950
0.374	0.866	0.997	ACAAGCTTCGGTAGAG-1	7438
0	1	0.996	ACAAGCTTCTGCTGAA-1	1351
0.397	0.878	0.996	ACACCAAAGCCTCAAT-1	2057
0	1	0.996	ACACCAAAGGGACCAT-1	1459
0.378	1	0.981	ACACGCGAGTCACTGT-1	945
0.029	1	0.997	ACACTGACAAATAGCA-1	1400
0.005	0.698	0.997	ACACTGACAACGGCTC-1	3556
0.163	0.865	0.996	ACACTGATCACGTAGT-1	2581
0	0.887	0.997	ACAGAAACACCTATCC-1	4254
0	1	0.994	ACAGCCGCACAACCGC-1	1933
0	0.774	0.994	ACAGGGACACTCCTGT-1	1130
0.309	1	0.995	ACAGGGATCACAAGGG-1	2431
0	1	0.997	ACATCCCGTTGAGTCT-1	1617
0.004	1	0.996	ACATCCCTCAGAGCAG-1	2017
0.249	0.706	0.997	ACATCGATCTAGAACC-1	6839
0	0.785	0.995	ACATTTCAGACTACGG-1	1776
0	0.781	0.968	ACCAAACTCGGTCACG-1	2849
0.128	1	0.997	ACCAACAAGGGACTGT-1	2766
0.245	1	0.997	ACCAACACAAGAGTTA-1	2287
0.359	0.99	0.997	ACCACAAGTTGTAGCT-1	3752
0	0.998	0.996	ACCATTTTCGGTAGAG-1	1693
0.072	0.997	0.997	ACCCAAAAGAGGGTGG-1	4634
0	1	0.917	ACCCAAACAGGTTTAC-1	867
0.375	0.831	0.973	ACCCAAACATAACAGA-1	2775
0	1	0.996	ACCCTCACATAGAAAC-1	1105
0.394	1	0.997	ACCCTCACATTGCAAC-1	2490
0	0.996	0.997	ACCCTCAGTATGAGGC-1	1604
0	1	0.994	ACCCTCAGTCACTGAT-1	1331
0	1	0.983	ACCCTCATCCCGTGAG-1	1281
0.167	1	0.996	ACCCTCATCGTTCATT-1	1376
0	1	0.997	ACCCTTGAGAGTCCGA-1	1253
0.003	0.976	0.997	ACCCTTGAGGCGACAT-1	2055
0.022	0.999	0.996	ACCCTTGCATAGTCGT-1	1455
0.007	0.985	0.997	ACCCTTGTCTAGAGCT-1	3096
0.053	0.848	0.992	ACCTGAACAGGACATG-1	3749
0	0.738	0.997	ACCTGAATCCCTAGGG-1	1375
0	1	0.997	ACGCACGCAGTTGCGC-1	2186
0	1	0.995	ACGGAAGGTCCGGTCA-1	1039
0.343	0.697	0.997	ACGGGTCCACTAGGCC-1	6164
0	0.967	0.997	ACGGGTCGTGAGTCAG-1	1659
0	1	0.993	ACGGGTCTCCTGGCTT-1	1177
0	1	0.994	ACGGTCGCATGAGTAA-1	614
0.207	0.991	0.992	ACGGTCGGTCAGGAGT-1	2023
0.049	0.915	0.997	ACGGTCGTCGCTCCTA-1	2422
0.233	0.891	0.994	ACGTAACCACTACACA-1	6367
0.365	0.981	0.997	ACGTACAGTCAACACT-1	4887
0	1	0.997	ACGTAGTTCAGGTAAA-1	1571
0.001	1	0.995	ACGTCCTCAACCAACT-1	555
0	1	0.997	ACGTCCTCACAGGATG-1	1406
0.001	0.948	0.995	ACGTCCTCAGAAGTGC-1	2427
0	1	0.997	ACGTCCTTCTTGTGCC-1	1173
0.318	1	0.997	ACGTTCCCATAACCCA-1	4666
0.001	0.66	0.996	ACGTTCCGTCTCACGG-1	3206
0.285	1	0.996	ACTATCTCAACCGGAA-1	1619
0.042	0.997	0.995	ACTATCTCATAACGGG-1	678
0.17	0.999	0.996	ACTATCTGTATACAGA-1	4370
0.395	0.667	0.996	ACTATGGAGGAGAGTA-1	3159
0	1	0.997	ACTATGGGTCACCGCA-1	566
0.103	0.96	0.996	ACTATGGTCATCTACT-1	5696
0.104	0.89	0.996	ACTATTCAGCATCCTA-1	5667
0	0.998	0.997	ACTATTCCAGAACTCT-1	3735
0	1	0.997	ACTCCCAGTTCCTACC-1	2120
0.035	0.988	0.997	ACTCTCGAGAGTTGAT-1	3562
0	1	0.996	ACTCTCGGTCGTATGT-1	1460
0	0.937	0.995	ACTCTCGTCCCTTGGT-1	974
0.049	0.748	0.987	ACTCTCGTCTCGGTCT-1	4959
0	0.92	0.997	ACTGATGGTGGTATGG-1	1928
0.001	0.75	0.991	ACTGATGTCCGCATAA-1	1614
0	1	0.993	ACTGCAACATAGTCGT-1	1379
0	1	0.997	ACTGCAAGTCGTCGGT-1	1553
0.052	1	0.997	ACTGTCCGTAGTGTGG-1	2549
0.061	1	0.992	ACTGTCCTCCCAAGTA-1	1572
0.393	0.94	0.995	ACTGTGACAAAGCGTG-1	5243
0	1	0.997	ACTGTGACATGTCGTA-1	2759
0.022	1	0.997	ACTTAGGAGACATACA-1	2410
0.168	0.752	0.995	ACTTAGGAGTAAATGC-1	6346
0.003	0.926	0.899	ACTTAGGGTGGACCAA-1	3076
0.206	0.722	0.993	ACTTAGGTCTTAGGAC-1	6227
0	1	0.985	ACTTATCAGGCATCGA-1	1347
0	1	0.996	ACTTATCAGTTTGTCG-1	795
0.002	0.774	0.989	ACTTCCGCACACGGTC-1	1604
0.107	1	0.274	ACTTCGCAGGGTTAGC-1	4527
0	0.931	0.997	ACTTCGCAGTTTCTTC-1	2638
0.398	0.72	0.995	ACTTCGCCAGGTTCGC-1	5036
0.343	1	0.997	ACTTTGTAGATCACCT-1	1923
0.355	0.698	0.997	ACTTTGTAGCGAGAAA-1	2680
0.017	1	0.935	ACTTTGTTCCATTTCA-1	1882
0.237	0.689	0.996	ACTTTGTTCCTTCGAC-1	2786
0	0.998	0.996	AGAAATGGTAGAGCTG-1	1121
0.18	0.66	0.994	AGAAATGTCCATCGTC-1	6741
0	0.735	0.996	AGAAGCGAGGATTTAG-1	2585
0.392	0.733	0.997	AGAAGCGTCTCTGAGA-1	4502
0.017	0.996	0.996	AGAAGCGTCTGTGCTC-1	1806
0.022	1	0.996	AGAAGTATCGCAGTTA-1	1341
0	1	0.992	AGACAAAAGTCTTGGT-1	822
0	0.974	0.994	AGACAAACACCGTACG-1	626
0	1	0.997	AGACAAAGTACTTGTG-1	934
0.209	0.98	0.997	AGACACTAGAGTCAAT-1	3153
0	1	0.991	AGACACTTCGACACTA-1	1238
0	0.704	0.996	AGACACTTCTTTCGAT-1	4259
0	1	0.991	AGACAGGAGGGCTAAC-1	576
0	0.99	0.996	AGACCATAGCGAGGAG-1	1299
0.162	0.983	0.987	AGACCATCATGCCGAC-1	3712
0.084	0.664	0.992	AGACCCGCAGTTAGGG-1	1111
0.002	1	0.995	AGACCCGCATTCTCCG-1	2893
0	1	0.997	AGACCCGTCAGCTGAT-1	1744
0.207	1	0.997	AGACTCAAGATGATTG-1	2122
0.06	0.96	0.997	AGACTCACAGAACTTC-1	4615
0.146	0.715	0.993	AGACTCAGTCAATCTG-1	4215
0.34	0.993	0.996	AGACTCATCTAGACCA-1	2479
0	1	0.997	AGAGAATCAACCAATC-1	1415
0	0.664	0.993	AGAGAGCAGGTACATA-1	2768
0.092	0.662	0.997	AGAGAGCCAGCAATTC-1	6021
0.012	0.997	0.997	AGAGAGCCAGGAGGTT-1	2245
0.003	0.948	0.997	AGAGAGCGTAGACACG-1	3765
0.001	0.993	0.996	AGAGAGCTCAACCCGG-1	2143
0	0.999	0.996	AGAGAGCTCCAATGCA-1	2499
0	1	0.997	AGAGCAGTCTTAGGAC-1	1809
0	1	0.994	AGAGCCCGTGGCCCAT-1	890
0.007	0.885	0.996	AGATAGAGTGTCCACG-1	2972
0.175	1	0.996	AGATCCAAGACCTCAT-1	2414
0.008	0.957	0.996	AGATCCATCCCTCTAG-1	3855
0	1	0.997	AGATCGTAGACTGGGT-1	774
0.385	0.994	0.997	AGATCGTTCTTGGTCC-1	2177
0	0.901	0.992	AGATGAAAGTCACGCC-1	2992
0	1	0.994	AGATGAAAGTTTCAGC-1	1274
0.358	0.819	0.997	AGATGCTAGGGCATGT-1	4023
0.351	0.968	0.997	AGATGCTCACTGGACC-1	2771
0	0.988	0.997	AGCATCATCAAACCTG-1	867
0.004	0.998	0.997	AGCCAATAGTAGTGCG-1	1899
0.004	0.908	0.995	AGCCAATCAGAGAGGG-1	3346
0.275	0.751	0.995	AGCCAATTCCAATGCA-1	5356
0.005	0.989	0.997	AGCCAATTCGTCACCT-1	1456
0	0.964	0.996	AGCCAGCAGCTTACGT-1	1814
0.358	0.939	0.996	AGCCAGCCAATGCAAA-1	4856
0.01	0.926	0.997	AGCCAGCCACACCTGG-1	3123
0	1	0.996	AGCCAGCCATACTGTG-1	2283
0	0.923	0.997	AGCCAGCCATTACGGT-1	3819
0.003	0.736	0.993	AGCCAGCGTGTGATGG-1	2165
0.003	1	0.996	AGCCAGCGTGTTACTG-1	1340
0	1	0.997	AGCCAGCTCACTGTTT-1	1944
0.01	0.923	0.997	AGCGATTAGTTCTCTT-1	2838
0.396	1	0.996	AGCGATTTCTAGCAAC-1	3215
0.03	0.794	0.995	AGCGCCACAGGAGGAG-1	2624
0.028	1	0.997	AGCGCTGCATGACTAC-1	1796
0	1	0.997	AGCGCTGCATGATAGA-1	992
0.001	0.996	0.995	AGCGCTGGTTTGGCTA-1	3744
0	1	0.996	AGCGTCGGTACCGCGT-1	607
0	1	0.997	AGCTACAAGACGATAT-1	2562
0	1	0.992	AGCTACACAGTACTAC-1	1326
0	1	0.996	AGCTACAGTACAGAGC-1	732
0	0.694	0.977	AGCTACATCTCAAAGC-1	4721
0	0.991	0.996	AGCTCAAAGACTGGGT-1	2161
0.049	0.902	0.995	AGCTCAAAGGCTTCCG-1	3952
0	0.996	0.997	AGCTCAACACACTTAG-1	1739
0.296	0.682	0.996	AGCTCAAGTACTCCGG-1	1783
0.129	1	0.997	AGCTTCCGTTCAGTAC-1	2350
0.133	0.661	0.997	AGGAAATTCCATTCGC-1	7523
0.27	0.89	0.997	AGGAATAAGGAGACCT-1	3068
0	1	0.997	AGGAATACAGTGAGCA-1	1177
0.337	0.701	0.994	AGGACGAGTAACGGTG-1	6279
0.001	1	0.996	AGGACGAGTGGAACAC-1	1747
0.378	0.828	0.997	AGGACTTTCGTTCCCA-1	7881
0.035	1	0.997	AGGACTTTCTCCACTG-1	918
0	0.835	0.983	AGGAGGTGTAACACCT-1	556
0.007	1	0.997	AGGAGGTTCCCTGGTT-1	3117
0.325	0.667	0.996	AGGAGGTTCCGGACGT-1	7165
0.392	0.659	0.996	AGGAGGTTCTTTGGAG-1	5688
0.279	0.942	0.943	AGGATAACAGGTGAGT-1	2636
0	1	0.992	AGGATAACATGTTTGG-1	891
0	0.976	0.997	AGGATAAGTCGGAACA-1	2015
0.067	0.998	0.996	AGGATAAGTGCAGATG-1	4241
0.398	0.662	0.991	AGGATAATCCACTTCG-1	6521
0	0.884	0.997	AGGCATTCAGGTTACT-1	3061
0	0.992	0.996	AGGCATTTCATTTGGG-1	753
0.004	1	0.988	AGGCATTTCTACCAGA-1	1099
0	1	0.992	AGGCCACAGCAGCAGT-1	1020
0.304	0.66	0.995	AGGCCACTCTGAGCAT-1	3993
0.003	0.714	0.996	AGGCTGCAGTCCTGTA-1	3477
0.374	0.872	0.997	AGGCTGCCAGTTAGGG-1	4000
0	0.66	0.993	AGGCTGCGTCAAAGCG-1	3991
0.348	0.879	0.997	AGGGAGTCATGCAGGA-1	5893
0.313	0.685	0.951	AGGGCCTCAGGGAGAG-1	6411
0	1	0.991	AGGGCTCCATGTTCGA-1	1152
0.202	0.939	0.995	AGGGCTCGTTCTATCT-1	3322
0.376	0.769	0.991	AGGGCTCTCGTTCTCG-1	4291
0.4	0.705	0.996	AGGGTCCAGTCATGAA-1	5600
0.343	0.961	0.996	AGGGTCCCAATACCTG-1	4706
0	1	0.997	AGGGTCCGTAGGCTCC-1	834
0.21	1	0.997	AGGGTCCGTGGCTTAT-1	1281
0.399	0.826	0.994	AGGGTCCTCGCAGATT-1	4767
0.003	0.66	0.996	AGGGTGACAGGCGTTC-1	3475
0.015	1	0.997	AGGGTGATCTGCTCTG-1	1720
0	1	0.997	AGGGTTTTCCGTATGA-1	2784
0.395	0.658	0.989	AGGTAGGAGCCGATAG-1	3592
0.325	0.969	0.997	AGGTAGGAGGTAAGAG-1	2350
0	0.991	0.996	AGGTAGGGTCGCATGC-1	2255
0	1	0.992	AGGTAGGTCTTAGCAG-1	1971
0	1	0.866	AGGTCATCAAGGCCTC-1	799
0	1	0.997	AGGTCTATCCTCAGAA-1	2545
0.155	0.748	0.997	AGGTTACAGACAGCGT-1	5188
0.007	0.766	0.996	AGGTTACGTGATCATC-1	3681
0.123	0.835	0.996	AGGTTACTCTGCATAG-1	2143
0.206	0.998	0.997	AGGTTGTTCTTAAGGC-1	2967
0	0.999	0.997	AGTAACCCACTGAGGA-1	1485
0	1	0.997	AGTAACCGTAGTCGGA-1	1051
0	1	0.997	AGTAACCGTTGCTGAT-1	1279
0.392	1	0.997	AGTAACCTCACTCCGT-1	4177
0	1	0.996	AGTACCATCAAGTGGG-1	1296
0.001	1	0.996	AGTAGCTAGGGTGAGG-1	1694
0.368	0.749	0.997	AGTAGTCCAGGTTCGC-1	4350
0.009	0.942	0.997	AGTCAACAGGCTAAAT-1	3110
0.111	0.766	0.994	AGTCAACCAGAACGCA-1	2474
0	0.974	0.997	AGTCAACCATTGGGAG-1	3240
0.174	0.658	0.996	AGTCAACGTTAGGGAC-1	4272
0	1	0.997	AGTCAACTCATTTCGT-1	1122
0	1	0.992	AGTCAACTCCTTATGT-1	614
0.233	0.764	0.963	AGTCAACTCTATACTC-1	3316
0	0.999	0.996	AGTCACACAGCGTACC-1	3020
0.001	0.818	0.997	AGTCACAGTGGGACAT-1	3399
0.191	0.964	0.997	AGTCACATCCCTAGGG-1	2655
0.001	1	0.997	AGTCACATCCCTTCCC-1	595
0.388	0.72	0.997	AGTCACATCGATGCTA-1	6126
0	0.998	0.991	AGTGACTGTTTACGAC-1	4058
0	1	0.957	AGTGCCGAGTACTGTC-1	1713
0	1	0.996	AGTGCCGTCACGGTCG-1	918
0.001	0.848	0.997	AGTGTTGGTTCGTAAC-1	2140
0.05	0.987	0.996	AGTTAGCAGCACTAGG-1	1800
0.096	0.688	0.997	AGTTCGAGTCCACGCA-1	1314
0.044	0.999	0.996	ATACCGAAGCTGTCCG-1	3900
0.252	0.928	0.995	ATACCGATCGGTCGAC-1	901
0.013	0.999	0.997	ATACCTTCAAATGATG-1	2898
0	1	0.997	ATACCTTCAACGGCCT-1	1760
0	0.988	0.994	ATACTTCAGGAACGTC-1	1306
0.254	0.989	0.996	ATACTTCGTACCGTGC-1	2081
0	1	0.995	ATACTTCGTCGTTATG-1	958
0	1	0.997	ATAGACCCATCCTTCG-1	3251
0.008	1	0.996	ATAGACCTCGTTACCC-1	540
0	1	0.99	ATAGAGAAGTCAGCGA-1	1262
0.373	1	0.997	ATAGAGACATGACAGG-1	2260
0.006	1	0.988	ATATCCTCAGGTGTGA-1	1479
0	1	0.993	ATATCCTCATGAATAG-1	1935
0.001	0.99	0.986	ATATCCTGTAGATGTA-1	808
0.038	0.851	0.996	ATATCCTGTTCAGCTA-1	6899
0.388	0.922	0.984	ATATCCTTCATTCGGA-1	2180
0	0.998	0.997	ATCACAGGTGAACCGA-1	1386
0.001	1	0.992	ATCACGATCAGACAAA-1	2746
0	0.994	0.997	ATCACTTAGGACTATA-1	1537
0	1	0.997	ATCACTTCATTCGATG-1	533
0.08	0.873	0.997	ATCAGGTAGGTGCTTT-1	3131
0	0.998	0.996	ATCAGGTGTTCTCTCG-1	1179
0.297	0.988	0.997	ATCATTCCACTTCCTG-1	7143
0.086	1	0.991	ATCATTCTCGGTGAAG-1	1268
0.39	1	0.997	ATCCACCAGCTCTGTA-1	2866
0.168	1	0.997	ATCCACCCACAGTATC-1	2160
0	1	0.996	ATCCATTCAAATGATG-1	2882
0.381	0.667	0.993	ATCCATTGTTCTGAGT-1	5504
0.033	1	0.995	ATCCATTTCTTGCAGA-1	2077
0.203	0.998	0.997	ATCCCTGAGCTGCGAA-1	1638
0.017	0.998	0.994	ATCCCTGGTGTAAATG-1	523
0.005	0.664	0.99	ATCCGTCGTATGCGTT-1	6377
0	1	0.997	ATCCGTCGTCACAATC-1	1394
0.001	0.955	0.996	ATCCGTCGTCGACTTA-1	3368
0.002	0.823	0.996	ATCCGTCGTCGCGTTG-1	5565
0.397	0.659	0.996	ATCCGTCTCAACGAGG-1	6579
0	1	0.997	ATCGATGTCTTCCCAG-1	866
0	0.998	0.997	ATCGATGTCTTGCGCT-1	1069
0.001	0.998	0.995	ATCGCCTGTGATCGTT-1	1966
0	1	0.997	ATCGCCTGTTACCCTC-1	1273
0.002	0.987	0.997	ATCGGATAGCAACTCT-1	3212
0.048	1	0.991	ATCGGATCACTTGAGT-1	2732
0	1	0.997	ATCGGATCAGGTGGAT-1	1056
0	0.985	0.987	ATCGGATTCGACGACC-1	2951
0	0.994	0.997	ATCGGCGAGCTAATCC-1	1386
0.12	0.799	0.997	ATCGGCGCATGAGGGT-1	5681
0	0.969	0.996	ATCGGCGCATTGCTGA-1	1567
0	0.91	0.997	ATCGTAGGTGACCGTC-1	1296
0.002	0.975	0.992	ATCGTCCAGCAGGCTA-1	1798
0	0.995	0.997	ATCGTCCGTTCTCCTG-1	2961
0.337	0.999	0.997	ATCGTCCTCGTGTGGC-1	1651
0	1	0.997	ATCGTCCTCTGCTAGA-1	1386
0	1	0.997	ATCGTGATCGGAAACG-1	872
0	1	0.99	ATCTCTACAACTGTGT-1	1199
0.014	1	0.996	ATCTTCATCTCGGCTT-1	1392
0.005	0.996	0.997	ATGAAAGGTTGCTTGA-1	3646
0.001	1	0.996	ATGACCAAGTATGGAT-1	2519
0.4	1	0.996	ATGACCAAGTGGTCAG-1	3788
0.013	0.667	0.99	ATGAGGGCAGGATCTT-1	6651
0	0.677	0.996	ATGAGGGCAGGCTACC-1	2203
0.4	0.668	0.994	ATGAGTCCAAAGCACG-1	6559
0.006	1	0.997	ATGAGTCTCGCATTGA-1	628
0.087	1	0.997	ATGATCGAGATGCGAC-1	607
0.209	0.918	0.994	ATGCATGAGCCTCAAT-1	3602
0.008	0.998	0.997	ATGCCTCGTTGACTAC-1	3202
0.236	0.681	0.994	ATGCCTCGTTGCATCA-1	6186
0	1	0.991	ATGCCTCGTTTGGAAA-1	781
0	0.993	0.996	ATGCCTCTCATACGGT-1	4261
0	1	0.996	ATGCGATAGGAACTCG-1	822
0	0.998	0.997	ATGGAGGAGTACCATC-1	565
0	0.989	0.995	ATGGAGGCATGCCGCA-1	2143
0.078	1	0.996	ATGGAGGGTTTAGTCG-1	1299
0.383	0.995	0.997	ATGGAGGTCCGTGTCT-1	852
0	0.871	0.997	ATGGATCAGATGGTAT-1	623
0.001	0.996	0.997	ATGGATCCAAGTGTCT-1	1858
0	0.999	0.997	ATGGATCCATCTAACG-1	1531
0	0.944	0.996	ATGGATCGTCTGCATA-1	1180
0.01	0.999	0.997	ATGGATCGTGGACCTC-1	1702
0.201	0.848	0.997	ATGGGAGTCAAACTGC-1	4094
0.134	1	0.995	ATGGGTTAGATAACAC-1	2293
0.013	0.992	0.996	ATGGGTTGTGTAGGAC-1	2683
0	1	0.997	ATGGGTTGTTCATCTT-1	1251
0.274	0.894	0.997	ATGGGTTTCCTGGTCT-1	4938
0.009	0.811	0.997	ATGGTTGCAATAGAGT-1	3087
0.108	1	0.995	ATGGTTGCAGCGTGAA-1	3139
0	1	0.997	ATGGTTGTCCGTGTCT-1	947
0.307	0.669	0.996	ATGTCCCAGGCGAAGG-1	4163
0	0.999	0.997	ATGTCCCAGTATGCAA-1	1572
0	0.894	0.997	ATGTCCCCACAAGTGG-1	2105
0.273	0.912	0.995	ATGTCCCGTTGGAGGT-1	5044
0.239	0.996	0.997	ATGTCTTGTATCGAAA-1	1398
0.298	0.673	0.997	ATTACCTAGCTGAAGC-1	6499
0.139	0.79	0.975	ATTATCCAGGTACAAT-1	2287
0.002	1	0.989	ATTATCCAGGTCTACT-1	1737
0	0.992	0.997	ATTATCCCAGCTCATA-1	1194
0.089	1	0.997	ATTATCCGTGTCCATA-1	902
0.001	0.988	0.997	ATTCACTCACTAACGT-1	1603
0.036	0.773	0.997	ATTCAGGAGTAGTGCG-1	2427
0.344	0.972	0.996	ATTCAGGCAACGATTC-1	2465
0	0.913	0.995	ATTCCATAGGATATAC-1	1426
0.001	1	0.997	ATTCCTACACTATGTG-1	970
0.069	0.797	0.993	ATTCCTATCCTGTAAG-1	3372
0.373	1	0.997	ATTCCTATCGTGGGTC-1	1426
0	1	0.882	ATTCGTTCAAACTCGT-1	4745
0.004	1	0.996	ATTCGTTTCGGCTATA-1	1248
0.099	0.973	0.997	ATTCTACAGTCTGGAG-1	1491
0.396	0.775	0.961	ATTCTACGTAACCAGG-1	5747
0.012	0.996	0.991	ATTCTACGTTGAGTCT-1	2437
0	0.675	0.995	ATTCTTGAGCGTGCTC-1	2372
0	1	0.994	ATTGGGTAGGGCAGGA-1	883
0.283	0.997	0.996	ATTGGGTCAGCTGCCA-1	2627
0.009	0.983	0.997	ATTGTTCAGTGAGCCA-1	3284
0.331	0.978	0.997	ATTGTTCCACAAGCCC-1	4210
0.001	1	0.995	ATTTACCAGTAAGCAT-1	1249
0.007	0.993	0.997	ATTTACCCAACGATCT-1	2188
0.397	1	0	ATTTCACCACTTGGGC-1	6025
0.007	1	0.997	ATTTCACGTGATTCAC-1	4128
0.135	0.982	0.997	CAAAGAATCACTGTTT-1	4241
0	1	0.997	CAACAACCAAGGCTTT-1	2120
0	1	0.997	CAACAACTCGCGCCAA-1	2230
0	1	0.991	CAACAGTAGATGACAT-1	948
0.025	0.997	0.997	CAACAGTAGTCGGCAA-1	4148
0.063	0.99	0.99	CAACCTCGTCATCCCT-1	3908
0.001	1	0.997	CAACCTCTCCTATGGA-1	1587
0.216	1	0.996	CAACGATAGGAACTCG-1	1155
0.091	1	0.997	CAAGACTAGGCTAAAT-1	2845
0	1	0.997	CAAGACTTCCGTACGG-1	840
0.347	0.677	0.996	CAAGAGGGTCGAGATG-1	4937
0	0.668	0.994	CAAGAGGGTCGATGCC-1	2646
0.334	1	0.997	CAAGCTACAAGAGTAT-1	2906
0.377	0.761	0.996	CAAGCTACATCGATAC-1	2890
0.204	0.758	0.997	CAATACGGTTCTCCCA-1	3643
0.238	1	0.996	CAATCGAGTACGACAG-1	2213
0.002	0.814	0.997	CAATCGAGTATCGATC-1	2317
0.211	0.952	0.997	CAATCGATCGAGGCAA-1	3695
0.011	0.997	0.997	CAATCGATCGGCTGAC-1	2636
0.121	0.696	0.987	CAATGACAGTCGGCCT-1	4232
0.391	0.999	0.996	CAATGACCACCAGTTA-1	2241
0	1	0.996	CAATGACGTATTCCGA-1	772
0	1	0.992	CAATTTCAGGGTGAAA-1	1604
0	1	0.997	CACAACACACAGCCAC-1	1288
0.02	0.98	0.996	CACAACAGTCTTCCGT-1	2579
0	0.999	0.997	CACACAAGTTTAAGGA-1	2442
0	1	0.995	CACAGATCAACACAAA-1	1079
0	0.999	0.997	CACAGATCACAGAGAC-1	1724
0	0.702	0.888	CACAGATCAGCAAGAC-1	2900
0.043	0.998	0.997	CACAGATGTGACCGAA-1	1444
0.389	0.666	0.997	CACAGGCAGTCAGCGA-1	2669
0.377	0.658	0.995	CACAGGCTCCGCACTT-1	5187
0	0.98	0.997	CACAGGCTCGACGCGT-1	2362
0	1	0.996	CACATGAAGCAATTAG-1	1053
0	1	0.997	CACATGAGTACGTGAG-1	1428
0.39	0.764	0.995	CACCAAAGTTCGTAAC-1	4125
0.294	0.929	0.986	CACCGTTAGGGTCACA-1	1602
0.131	0.997	0.997	CACGAATAGATAGCTA-1	1845
0.035	0.715	0.997	CACGAATAGCGTTGTT-1	3646
0	1	0.996	CACGAATTCTGACCCT-1	3087
0	1	0.996	CACGGGTAGTTAGTGA-1	1176
0.335	0.918	0.997	CACGGGTCACATTCTT-1	7234
0.2	0.9	0.997	CACGTGGAGGTCACCC-1	5626
0.341	0.779	0.99	CACGTGGCACACCGAC-1	4020
0.001	0.985	0.997	CACTAAGAGTCCGTCG-1	672
0.4	0.668	0.985	CACTAAGGTATGGTAA-1	7488
0	0.731	0.993	CACTAAGTCACTGCTC-1	1152
0.001	1	0.995	CACTGAAAGCATTGTC-1	2182
0.283	0.997	0.997	CACTGAATCCGTGACG-1	1921
0.299	0.866	0.996	CACTGGGAGCACTCGC-1	4709
0.049	0.693	0.991	CACTGGGAGGACTGGT-1	4866
0	1	0.991	CACTGTCCAGAAGTTA-1	633
0.114	1	0.984	CACTTCGCAAGTGGAC-1	505
0.273	0.671	0.997	CACTTCGCAGAGGACT-1	5799
0	0.998	0.997	CACTTCGGTTCTCCCA-1	1352
0	1	0.993	CACTTCGGTTTATGCG-1	589
0.237	0.858	0.997	CACTTCGTCTCTTGCG-1	5330
0.005	1	0.994	CAGAGCCAGTGCTCGC-1	2296
0.01	0.995	0.996	CAGATCATCGAGAATA-1	2544
0.397	0.658	0.997	CAGATTGAGCAACTTC-1	4588
0.392	1	0.99	CAGATTGCAGCAGTTT-1	2866
0	0.976	0.997	CAGCACGCAGCAGACA-1	1549
0	1	0.995	CAGCACGGTCCCTAAA-1	560
0.399	0.664	0.997	CAGCACGTCCAACCAA-1	6040
0.26	1	0.995	CAGCACGTCTTGGCTC-1	3825
0.024	1	0.997	CAGCAGCCACCAGCGT-1	2331
0.009	1	0.996	CAGCAGCCAGTGTATC-1	1710
0.314	0.738	0.993	CAGCAGCGTGTGAGCA-1	2294
0.004	1	0.996	CAGCCAGCACCAACAT-1	2571
0	1	0.991	CAGCCAGGTTCTCGCT-1	608
0	1	0.992	CAGCCAGTCCGTTGAA-1	659
0	0.998	0.994	CAGCGTGCACATGTTG-1	2426
0	0.999	0.001	CAGGCCATCCGCGGAT-1	2872
0.102	0.815	0.995	CAGGGCTAGACTTCGT-1	3051
0	0.997	0.989	CAGGTATGTGAACTAA-1	603
0.005	0.998	0.996	CAGTGCGAGGCCTGAA-1	1318
0	1	0.997	CAGTGCGTCAAATGCC-1	1519
0	0.67	0.993	CAGTTAGGTCAAAGTA-1	4384
0.006	1	0.996	CAGTTAGTCATTGTGG-1	5119
0	1	0.995	CAGTTAGTCGCGTGAC-1	1090
0.001	1	0.996	CAGTTCCGTTCGTAAC-1	1172
0	1	0.997	CAGTTCCTCTCTTCAA-1	2082
0.355	0.895	0.997	CATAAGCGTCTACAAC-1	4293
0.212	0.951	0.997	CATAAGCTCGAGAAGC-1	6321
0.099	0.987	0.997	CATACTTCACGACGTC-1	3324
0	0.999	0.993	CATACTTTCTACGCGG-1	1202
0	0.928	0.997	CATCAAGGTTACGATC-1	3424
0	1	0.997	CATCAAGGTTCAAACC-1	1446
0.302	0.751	0.982	CATCAAGTCACCATGA-1	7576
0.019	0.902	0.996	CATCCACAGTCTGGAG-1	1470
0.095	0.992	0.997	CATCCACGTTGCATAC-1	2873
0	1	0.997	CATCCACGTTGCCGAC-1	891
0	0.825	0.996	CATCCCAAGGATTACA-1	3721
0	0.992	0.996	CATCCCACACAGAGCA-1	1746
0.004	0.669	0.993	CATCCCATCCAAGGGA-1	3125
0.205	0.997	0.997	CATCCGTAGGTCGAGT-1	3381
0	0.98	0.997	CATCCGTCAGAGGCTA-1	4895
0	1	0.986	CATCGCTGTCACGACC-1	877
0.231	0.658	0.987	CATCGGGAGAGGGTCT-1	2180
0.32	0.787	0.991	CATCGGGCACAGCTTA-1	5509
0.269	0.88	0.982	CATCGGGGTAGCTTGT-1	4607
0.387	0.983	0.997	CATCGTCGTTACGTAC-1	3958
0.004	1	0.996	CATGAGTAGGCTGGAT-1	2797
0	1	0.995	CATGCAACAAAGAACT-1	1594
0	1	0.997	CATGCAACAAATCGTC-1	1452
0	0.762	0.997	CATGCAATCTACACTT-1	3797
0.103	0.999	0.997	CATGCCTTCCTAGCTC-1	767
0	1	0.979	CATGCCTTCCTCTCTT-1	1059
0.001	0.759	0.997	CATGCGGAGACGGATC-1	1635
0.35	1	0.995	CATGCGGGTAAGGTCG-1	2204
0.005	0.998	0.995	CATGCTCCACAAGTGG-1	1686
0	1	0.997	CATGCTCGTGGAGGTT-1	635
0	1	0.996	CATGCTCTCTGAGTCA-1	867
0.371	0.993	0.995	CATGGATGTTTGGGAG-1	2128
0.078	0.826	0.996	CATGGTATCTGCATGA-1	2589
0.078	0.806	0.99	CATTCATAGGGTAGCT-1	2671
0.01	1	0.997	CATTCATAGGTCCCGT-1	1669
0.278	1	0.997	CATTCATGTAGGGTAC-1	4624
0	0.999	0.996	CATTCCGTCCGACGGT-1	1623
0	1	0.997	CATTCTAGTACCTATG-1	1824
0	0.688	0.994	CATTCTAGTCCAAAGG-1	3740
0.299	0.691	0.976	CATTCTAGTGGTACAG-1	5647
0	1	0.996	CATTGAGCAGCTTTCC-1	1070
0	1	0.995	CATTGCCGTTCTTGTT-1	1887
0	0.987	0.993	CATTGCCTCGCATAGT-1	1351
0	0.902	0.997	CATTGTTTCACCCTTG-1	3741
0.008	1	0.996	CATTTCACAATTCGTG-1	1337
0.035	0.998	0.997	CATTTCATCCCTCAAC-1	2265
0	0.839	0.996	CCAAGCGAGTTTGTCG-1	1804
0.006	0.992	0.997	CCAAGCGTCATGTCTT-1	2574
0.012	1	0.997	CCAAGCGTCGACGTCG-1	1696
0.153	0.777	0.996	CCAAGCGTCTGCGGCA-1	2814
0.069	0.999	0.997	CCAATGAAGGGTCACA-1	2330
0	0.664	0.997	CCAATTTCACGCAAAG-1	4690
0.396	0.853	0.997	CCAATTTCAGAAACCG-1	6583
0.002	0.803	0.995	CCAATTTGTACGTACT-1	2122
0	1	0.911	CCAATTTTCATAGACC-1	990
0.385	0.97	0.996	CCACAAATCCATGATG-1	2574
0.338	0.93	0.996	CCACCATCACGAGAAC-1	3408
0.397	0.815	0.97	CCACCATTCTACGGTA-1	3814
0	0.937	0.997	CCACGAGTCAGAGTTC-1	4408
0.081	0.949	0.995	CCACGTTTCTTGGAAC-1	1328
0.393	0.718	0.997	CCACTTGTCTAGTGAC-1	4246
0	1	0.975	CCATCACAGAGGCGGA-1	1417
0.248	0.854	0.997	CCCAACTAGCCTCAAT-1	2942
0.013	0.973	0.997	CCCAACTTCCTTACCG-1	3067
0	1	0.997	CCCATTGAGTGGTCAG-1	580
0.244	0.973	0.997	CCCATTGTCAATGCAC-1	6456
0.089	1	0.996	CCCGAAGTCTTCGACC-1	2610
0	1	0.987	CCCTAACCAGATCATC-1	1427
0	1	0.997	CCCTCAAGTTCGGCGT-1	1008
0.054	0.998	0.996	CCCTCAATCACCTGGG-1	3383
0.012	0.995	0.997	CCCTCTCCACAGTACT-1	2938
0.054	0.922	0.997	CCCTCTCCAGACACAG-1	2693
0.35	0.799	0.997	CCCTCTCTCATCTGTT-1	1455
0	1	0.992	CCCTGATAGACGGTCA-1	1399
0	1	0.996	CCCTGATCAGACCAGA-1	784
0.001	1	0.997	CCCTGATGTCCAGAAG-1	3979
0	1	0.997	CCCTGATGTGTAGGAC-1	835
0.001	0.982	0.995	CCGAACGGTGTCTCCT-1	2310
0	0.805	0.997	CCGATGGAGTTACGAA-1	2737
0.357	0.661	0.985	CCGATGGTCCACTGGG-1	4320
0	1	0.997	CCGCAAGAGCTAGCCC-1	1229
0.033	1	0.994	CCGCAAGAGCTGAAGC-1	1945
0.187	0.659	0.997	CCGCAAGAGTATCCTG-1	6074
0.051	1	0.994	CCGCAAGCACTGCGAC-1	1690
0.001	1	0.997	CCGCAAGGTTGCGGAA-1	1082
0.145	0.792	0.997	CCGGACACATGGACAG-1	2263
0.246	0.993	0.997	CCGGACAGTTTGGGTT-1	3042
0.002	0.879	0.996	CCGGGTAAGCTACTGT-1	4219
0.155	0.966	0.995	CCGGTAGAGATCGGTG-1	1490
0	1	0.996	CCGGTAGAGTGAGCCA-1	566
0.045	1	0.997	CCGGTAGCACTGCGAC-1	1902
0	1	0.99	CCGGTGACAAGTCCAT-1	2498
0.009	1	0.997	CCGGTGACAATACCTG-1	2152
0	1	0.997	CCGTTCACATAGGTAA-1	1994
0	1	0.997	CCGTTCAGTATCCCTC-1	2010
0	1	0.979	CCGTTCATCCCTTCCC-1	904
0.11	0.68	0.992	CCTAACCCAAGGCGTA-1	5055
0.322	0.98	0.997	CCTAACCCACGCGCAT-1	3335
0.001	0.739	0.997	CCTAACCCACTTGTCC-1	3022
0	0.988	0.996	CCTAACCGTCTTACTT-1	2717
0	1	0.995	CCTAAGACACCGCTAG-1	1086
0	1	0.997	CCTATCGCAGTCGTTA-1	1156
0.001	0.993	0.997	CCTCAACAGGTGGGTT-1	1798
0.277	0.849	0.997	CCTCAACGTTGAAGTA-1	3924
0.324	1	0.996	CCTCACAAGTATAACG-1	1623
0.002	0.995	0.997	CCTCAGTAGGGACCAT-1	1646
0.006	0.999	0.996	CCTCAGTAGTTGCGCC-1	2722
0	1	0.997	CCTCAGTCACACCTAA-1	1489
0.36	0.976	0.995	CCTCAGTCATTGACAC-1	1311
0	1	0.996	CCTCAGTGTAGGATAT-1	892
0	0.704	0.997	CCTCAGTGTTCAACGT-1	3371
0.068	0.983	0.997	CCTCAGTTCAACGTGT-1	6355
0.008	1	0.997	CCTCAGTTCCGATAGT-1	1401
0.183	0.997	0.997	CCTCAGTTCGGACCAC-1	1743
0	1	0.996	CCTCATGGTTGCCGAC-1	1502
0	1	0.994	CCTCCAAAGCCAGTAG-1	804
0.001	1	0.997	CCTCCAAAGCCTAACT-1	2769
0.004	0.997	0.997	CCTCCAAAGGCTCAAG-1	3934
0.35	0.959	0.994	CCTCCAAGTACAGAGC-1	2263
0.009	0.661	0.996	CCTCCTCCAGTAACCT-1	6802
0.316	0.997	0.997	CCTCCTCTCCAAGCTA-1	8443
0	0.999	0.997	CCTCTAGTCTGGTGCG-1	2470
0.09	0.716	0.991	CCTCTCCAGATACTGA-1	2842
0	1	0.995	CCTCTCCCATGCCATA-1	1510
0.221	0.658	0.994	CCTGCATTCGTGACTA-1	4762
0	0.831	0.996	CCTGTTGAGAATCGTA-1	1820
0	1	0.996	CCTGTTGGTACCTAGT-1	1255
0.209	1	0.996	CCTGTTGGTCCTACAA-1	3369
0.098	0.995	0.997	CCTGTTGTCTCTATGT-1	4458
0.038	0.918	0.997	CCTTCAGAGAATCGAT-1	572
0.068	0.998	0.997	CCTTCAGCAAGTCGTT-1	2826
0.088	1	0.996	CCTTCAGGTATGCGTT-1	2344
0.001	0.997	0.997	CCTTGTGGTACTTCCC-1	2747
0	0.896	0.994	CCTTGTGTCAGTCATG-1	1789
0.397	0.999	0.997	CCTTGTGTCTGGTTGA-1	3229
0.068	0.999	0.997	CCTTTGGCACCATTCC-1	1110
0	0.998	0.997	CGAAGGAGTGATACCT-1	1159
0	0.762	0.997	CGAAGTTTCTCGACGG-1	3805
0	1	0.99	CGACAGCCAACACAGG-1	1576
0	0.996	0.997	CGAGAAGCAGGGCTTC-1	606
0	1	0.997	CGAGAAGTCAAACGAA-1	1888
0.386	0.676	0.996	CGAGGAAAGCCAACCC-1	5775
0	1	0.991	CGAGGAAAGCCGCACT-1	1266
0	0.775	0.997	CGAGGCTTCCCTCTAG-1	1602
0.096	0.999	0.997	CGAGTGCAGAAACCCG-1	2951
0.054	0.997	0.997	CGAGTGCAGACATGCG-1	2941
0.4	0.683	0.996	CGAGTGCAGTCGAATA-1	6399
0.012	0.967	0.997	CGAGTTAAGCCGTTGC-1	2190
0.001	0.999	0.997	CGAGTTATCCCATTTA-1	1160
0.084	0.964	0.997	CGATCGGCAGAGGTTG-1	1756
0	0.857	0.997	CGATGGCGTTACCGTA-1	2945
0	0.924	0.997	CGCAGGTAGGCCATAG-1	2611
0	1	0.996	CGCAGGTCAGATCATC-1	2184
0.001	0.981	0.996	CGCAGGTCATATAGCC-1	1975
0.215	0.823	0.997	CGCATAACAATTGCTG-1	5831
0	1	0.995	CGCATAACACTTGAGT-1	1734
0.207	1	0.997	CGCATAACATAGAGGC-1	2520
0.008	0.999	0.997	CGCATGGAGACCAGAC-1	1868
0.097	1	0.997	CGCATGGGTCGCATGC-1	2328
0.394	0.667	0.99	CGCCATTTCGCTCATC-1	3610
0	1	0.997	CGCGTGACAAGGATGC-1	1106
0.025	0.986	0.997	CGCGTGACAGGCCTGT-1	2467
0.11	1	0.993	CGCGTGAGTTTGATCG-1	1194
0	1	0.991	CGCGTGATCCCTCTTT-1	1197
0.034	0.962	0.987	CGGAACCAGAACCGCA-1	571
0	1	0.997	CGGAACCAGCTGAAAT-1	924
0.29	0.838	0.996	CGGAACCTCATTACTC-1	4035
0	1	0.996	CGGAATTAGCATTGAA-1	1124
0	0.695	0.993	CGGAATTGTACGGTTT-1	2023
0	0.858	0.997	CGGAATTGTAGAGACC-1	671
0	1	0.997	CGGAATTTCCCGTAAA-1	690
0.174	0.837	0.994	CGGACACAGGTTACAA-1	2938
0.001	1	0.997	CGGAGAAAGCCGAATG-1	2253
0.009	0.995	0.997	CGGCAGTAGATTGAGT-1	3076
0.124	0.981	0.996	CGGCAGTGTTCCTACC-1	2316
0.382	0.702	0.995	CGGGCATAGAAGCGGG-1	3462
0.351	0.686	0.994	CGGGCATAGCGTGTCC-1	5442
0.265	0.999	0.997	CGGGTCAAGAGCAGAA-1	3040
0	1	0.996	CGGTCAGCAGTCAGCC-1	1434
0	1	0.99	CGGTCAGGTCTTCAAG-1	1560
0.349	1	0.992	CGGTCAGGTGCCCTTT-1	2022
0.268	0.806	0.997	CGGTCAGTCATCGCTC-1	3830
0	0.991	0.997	CGTAAGTAGCTCTTCC-1	601
0.083	0.996	0.997	CGTAAGTAGGGTAGCT-1	1855
0	1	0.997	CGTAAGTCACGATTCA-1	3410
0.308	0.861	0.996	CGTAAGTGTTGCCAAT-1	2424
0	0.929	0.99	CGTAAGTTCGTTACCC-1	816
0.009	1	0.997	CGTAATGTCAAGTGTC-1	2212
0.002	1	0.955	CGTAGTAGTCTTCATT-1	824
0.004	0.665	0.978	CGTCAAAAGCTCGTGC-1	614
0.39	0.809	0.997	CGTCAAAAGGTGGTTG-1	4259
0	1	0.995	CGTCAAAGTTAAGGAT-1	1350
0.291	0.67	0.993	CGTCCATCAGTGGCTC-1	2759
0	1	0.997	CGTGAATAGGACAGTC-1	1917
0.004	0.96	0.997	CGTGAATTCGGACGTC-1	3055
0.002	0.999	0.996	CGTGATAAGCTCGGCT-1	1705
0	1	0.997	CGTGATACATCAGCTA-1	874
0.005	0.999	0.997	CGTGCTTCATCTAACG-1	3881
0.165	1	0.997	CGTGCTTTCTGCGAGC-1	1497
0	0.996	0.996	CGTGCTTTCTGTCCCA-1	635
0.105	0.786	0.996	CGTGTCTCAACCACAT-1	4191
0.003	1	0.996	CGTTAGAAGTCATACC-1	1369
0	0.974	0.996	CGTTAGAGTCGCACAC-1	3512
0.007	1	0.988	CGTTAGATCCTGTTAT-1	2488
0.002	1	0.997	CGTTAGATCGCACGAC-1	1384
0	1	0.997	CGTTCTGGTTCTCAGA-1	1137
0	0.999	0.996	CGTTGGGAGACCGCCT-1	2391
0	1	0.984	CGTTGGGCAACTGATC-1	519
0.002	1	0.994	CGTTGGGCACGATTCA-1	908
0.167	1	0.997	CTAACTTGTAAGGCTG-1	2420
0	0.999	0.996	CTAACTTGTCCTCCTA-1	904
0	0.683	0.993	CTAAGTGCACGTGTGC-1	5129
0.007	1	0.997	CTAAGTGTCTTGGGCG-1	632
0.001	1	0.996	CTACAGAAGAGAGGGC-1	6785
0	0.693	0.955	CTACAGACAGCTACTA-1	1312
0	1	0.996	CTACAGATCGGCTGTG-1	1024
0.29	0.952	0.996	CTACCCAAGGTCTACT-1	6062
0.399	0.978	0.997	CTACCCACACGTGAGA-1	2467
0.017	0.972	0.997	CTACCCACAGAACATA-1	1695
0	1	0.959	CTACCCAGTCTACGTA-1	688
0.009	1	0.997	CTACCCATCTGCCTCA-1	2768
0.005	0.806	0.992	CTACCTGTCTGAATGC-1	2945
0.008	0.972	0.997	CTACGGGCAGACCAGA-1	3583
0.319	0.999	0.996	CTACGGGCATGAAGCG-1	2286
0.014	0.991	0.996	CTACGGGTCCCGAGTG-1	4244
0.002	1	0.992	CTACTATCAACCGATT-1	980
0.399	1	0.778	CTACTATCAGAGGACT-1	1021
0.114	1	0.993	CTACTATGTATCCCTC-1	3470
0.394	0.719	0.97	CTAGACAGTATCAGGG-1	807
0.001	1	0.997	CTAGGTAAGTCTGTAC-1	953
0	1	0.997	CTAGGTATCGACCCAG-1	1269
0	1	0.997	CTATAGGCAATACGAA-1	1762
0	1	0.997	CTATAGGGTGAGAGGG-1	1042
0	0.658	0.996	CTATCCGAGATGCCGA-1	2283
0	1	0.995	CTCAACCAGCTGGAGT-1	953
0.38	1	0.997	CTCAACCCAATCGCAT-1	3156
0	1	0.994	CTCAAGAAGTTGTAAG-1	1684
0.02	0.658	0.997	CTCAAGACACTTGTGA-1	4248
0	1	0.997	CTCAATTAGTAGACCG-1	1316
0	1	0.997	CTCACTGCAGTCAGCC-1	577
0	1	0.993	CTCACTGGTACACTCA-1	592
0.281	0.818	0.997	CTCAGTCAGAGTAACT-1	5681
0.046	0.973	0.997	CTCAGTCCATTCAGGT-1	3416
0.292	0.787	0.997	CTCATCGAGTGATTCC-1	6376
0	0.978	0.997	CTCATCGTCCGAAGGA-1	2758
0	0.939	0.997	CTCATGCAGCCGAATG-1	1997
0	0.988	0.997	CTCATTAAGACCATGG-1	1665
0.03	0.981	0.997	CTCATTAGTACAGCGA-1	1814
0.003	1	0.997	CTCCAACCAAAGTATG-1	3505
0	1	0.997	CTCCAACCATCGATGT-1	2819
0	0.735	0.996	CTCCACAAGATGCGAC-1	2172
0.084	0.815	0.995	CTCCACACAAGTCCAT-1	6081
0.071	0.996	0.997	CTCCATGAGCGTGCCT-1	2372
0.08	0.678	0.997	CTCCATGTCCACTTTA-1	3894
0.384	1	0.997	CTCCCAAAGGGCGAAG-1	3021
0	0.996	0.997	CTCCCAACATGTGGTT-1	1667
0.272	0.738	0.997	CTCCCAATCTGGGCAC-1	6235
0.067	0.777	0.975	CTCCCTCCAACCTAAC-1	7657
0	0.747	0.994	CTCCCTCGTAATGCGG-1	1223
0	1	0.997	CTCCCTCTCAACGCTA-1	1099
0.002	0.98	0.992	CTCCCTCTCTACGGGC-1	2148
0.112	0.738	0.995	CTCCGATAGGCTTTCA-1	6242
0.335	0.72	0.987	CTCCTCCGTCCGTTTC-1	4845
0	1	0.997	CTCCTCCGTGCTCTTC-1	2515
0.4	0.697	0.993	CTCGAGGAGAGGATCC-1	5614
0.001	0.659	0.99	CTCGAGGAGCCAGAGT-1	5527
0	1	0.997	CTCGAGGGTACTGACT-1	1350
0.032	1	0.997	CTCGAGGTCTTAGCCC-1	2467
0	1	0.996	CTCTCAGGTCGAAGCA-1	913
0	1	0.993	CTCTCGAAGAAACTCA-1	846
0	0.851	0.997	CTCTCGACAGTAACGG-1	2700
0	1	0.997	CTCTGGTCATGACGAG-1	3328
0.034	0.999	0.997	CTGAATGAGGCATTTC-1	2521
0.186	0.683	0.995	CTGAGCGAGAGTGACC-1	4285
0.191	0.743	0.996	CTGAGCGCAAGGGTCA-1	6710
0.016	0.839	0.989	CTGAGGCAGTCACTCA-1	2535
0	1	0.997	CTGAGGCGTGTAGTGG-1	821
0.399	0.995	0.997	CTGATCCAGCAACAGC-1	4057
0	0.846	0.996	CTGATCCGTAGTTACC-1	3562
0.384	0.855	0.997	CTGCAGGGTCTTCGAA-1	5799
0	1	0.994	CTGCATCAGCAGATAT-1	1084
0.391	0.826	0.97	CTGCATCCAGAGCTAG-1	6076
0	1	0.996	CTGCCATCAGCCTTCT-1	3042
0	1	0.983	CTGCCTAGTTAAGGGC-1	729
0.029	0.676	0.997	CTGCCTAGTTGACGGA-1	3484
0.145	0.942	0.997	CTGCCTATCGCGTTTC-1	3272
0.001	1	0.996	CTGCCTATCTCATTTG-1	1699
0	0.958	0.985	CTGCGAGAGGTTCATC-1	2899
0	0.998	0.996	CTGCGAGTCGGACAAG-1	1314
0.019	0.997	0.997	CTGCTCAGTAGAGACC-1	1842
0	0.975	0.996	CTGCTCAGTAGCGTAG-1	3298
0	0.821	0.995	CTGCTCAGTGGCCCAT-1	3875
0.063	0.673	0.997	CTGCTCAGTTTGACAC-1	3069
0.08	0.671	0.992	CTGGACGTCTACTATC-1	5558
0	1	0.992	CTGGCAGTCATGCTAG-1	2484
0	1	0.997	CTGGTCTGTGTTGATC-1	1566
0.015	1	0.997	CTGTACCGTGCACAAG-1	2773
0	1	0.997	CTGTAGAAGATTAGCA-1	2018
0.323	0.672	0.985	CTGTAGACAAGCCTGC-1	7463
0	0.954	0.993	CTGTAGACACCCTAGG-1	806
0.161	1	0.997	CTGTAGACATAACCCA-1	3199
0	1	0.997	CTGTAGACATACCAGT-1	1347
0.072	1	0.995	CTGTAGAGTACTTCCC-1	2975
0.268	0.683	0.997	CTGTATTAGCGAATGC-1	6259
0.008	0.984	0.997	CTGTATTGTGCACATT-1	5536
0	0.827	0.997	CTGTCGTCATACCACA-1	3775
0	1	0.991	CTGTGAACACTTTAGG-1	603
0.381	0.935	0.995	CTGTGGGAGAGCCGAT-1	5938
0.264	0.97	0.996	CTGTGGGAGCTAAACA-1	4136
0.002	0.987	0.996	CTGTGGGCAAATGATG-1	1536
0	0.998	0.996	CTGTGGGCAAGGCAAC-1	1751
0.349	0.789	0.98	CTTACCGGTGAGATTA-1	941
0.199	0.767	0.997	CTTAGGACATTGCTTT-1	5877
0	0.957	0.996	CTTAGGAGTGGAGGTT-1	3030
0.005	1	0.874	CTTCAATCATCGTGGC-1	4754
0.281	0.855	0.997	CTTCAATTCATGAGTC-1	6318
0.069	0.989	0.996	CTTCGGTGTGGACTGA-1	1883
0.002	1	0.99	CTTCTAACAAGCTGCC-1	2103
0	1	0.997	CTTCTAACACGACGAA-1	1157
0.321	0.731	0.997	CTTCTAACAGTCAACT-1	5776
0.001	1	0.996	CTTCTAACATAGAGGC-1	2387
0.162	0.827	0.957	CTTCTAATCGGACAAG-1	3262
0.379	0.976	0.995	CTTCTCTAGGCGAAGG-1	2465
0.001	1	0.997	CTTCTCTCAAGACAAT-1	742
0	1	0.996	CTTCTCTTCAGGACGA-1	1215
0	0.997	0.997	CTTCTCTTCCTCATAT-1	2433
0	0.907	0.997	CTTGAGAAGGATACAT-1	2958
0.005	0.69	0.995	CTTGAGAGTAACAGGC-1	2717
0.033	0.862	0.997	CTTGAGAGTGTAACGG-1	2958
0.123	0.79	0.997	CTTGAGAGTTAGTTCG-1	4579
0	0.998	0.997	CTTGATTTCTCTCTAA-1	3199
0	1	0.993	CTTTCGGGTCGACTGC-1	718
0	1	0.997	GAAACCTGTTCGGGTC-1	933
0.152	1	0.997	GAAATGACATTCCTCG-1	1752
0	0.751	0.996	GAAATGATCTGGCCGA-1	1600
0.15	0.928	0.997	GAACACTGTTAAACCC-1	6365
0	1	0.997	GAACGTTGTAGACTGG-1	520
0.242	0.759	0.996	GAAGAATCACTGTCGG-1	5402
0.118	0.978	0.971	GAAGCCCCAAGTGCAG-1	5826
0	1	0.994	GAAGCCCCATCCGTGG-1	1547
0.03	0.691	0.997	GAAGCCCGTCATCAGT-1	7141
0	1	0.995	GAAGCGACACCATATG-1	837
0	0.956	0.997	GAAGCGACATCGATGT-1	3460
0	0.661	0.989	GAAGCGAGTCCAGTTA-1	1629
0.047	0.822	0.996	GAAGCGAGTTCCGCAG-1	2454
0.262	0.999	0.995	GAAGGACGTAGTTCCA-1	1624
0.018	0.814	0.997	GAAGGACTCAAGCCTA-1	3835
0	1	0.997	GAAGGGTAGCTAGTTC-1	659
0.342	0.67	0.995	GAAGGGTTCTGCTGAA-1	6277
0.387	0.972	0.997	GAAGTAAGTTACGGAG-1	4193
0.4	0.77	0.988	GAAGTAATCGAATGCT-1	5621
0	1	0.997	GAATAGACAAATGCGG-1	1325
0	1	0.996	GAATAGACACCATAAC-1	728
0.002	1	0.988	GAATAGAGTACACGCC-1	2487
0	0.999	0.995	GAATCACCAGGCTCTG-1	1878
0	1	0.996	GAATCACTCAAATGAG-1	1181
0	0.998	0.996	GAATCGTCAGGGTCTC-1	904
0	0.879	0.997	GACACGCCAAGCTACT-1	2979
0.001	0.957	0.993	GACAGCCAGGCCACCT-1	2597
0.292	0.997	0.997	GACAGCCGTATAATGG-1	2919
0.058	0.963	0.996	GACAGCCTCCGTATAG-1	3186
0	0.999	0.989	GACATCAGTGACCGTC-1	3078
0.059	0.843	0.987	GACCAATCACCTATCC-1	7017
0.008	0.929	0.997	GACCAATCATTGGATC-1	2541
0.254	0.994	0.997	GACCCAGCAACTGGTT-1	2733
0.012	1	0.997	GACCCTTCAGAGTTGG-1	3058
0.379	0.999	0.996	GACCCTTTCGAACTCA-1	5912
0.301	0.998	0.997	GACCGTGCACCCTTGT-1	2874
0.001	1	0.997	GACCTTCGTGCAACAG-1	1314
0.389	0.989	0.996	GACCTTCTCGATGGAG-1	3214
0.104	1	0.997	GACGCTGAGGCACAAC-1	2530
0.001	1	0.997	GACGCTGAGGGTAATT-1	926
0	1	0.994	GACGCTGCAATCCTAG-1	1236
0	1	0.996	GACTATGGTCGTTTCC-1	898
0	1	0.996	GACTCAACAAGTATAG-1	1260
0.074	1	0.974	GACTCTCAGAAGTCCG-1	703
0	0.998	0.996	GACTCTCCAAAGCGTG-1	1398
0	0.995	0.997	GACTCTCGTTTGAAAG-1	1105
0.007	0.992	0.997	GACTGATCAACTTGGT-1	1828
0.224	0.835	0.997	GACTGATTCTTGATTC-1	4195
0.384	0.738	0.996	GAGACCCCAAGACGAC-1	4517
0	0.865	0.997	GAGACCCTCGCAGTCG-1	2397
0.025	0.996	0.996	GAGACTTGTAGACGTG-1	4989
0.137	1	0.997	GAGAGGTAGATGCTTC-1	1840
0	0.976	0.997	GAGAGGTAGGTCGCCT-1	2455
0.314	0.684	0.992	GAGAGGTGTTCAAACC-1	4373
0.175	0.689	0.995	GAGATGGAGATGTAGT-1	3201
0.384	0.845	0.996	GAGATGGCAACCGGAA-1	1921
0.31	0.978	0.996	GAGATGGCAGCAGATG-1	3549
0.001	1	0.997	GAGATGGGTGGGCTTC-1	1226
0.281	0.663	0.993	GAGCCTGTCATGTCAG-1	4824
0	0.923	0.995	GAGCCTGTCCTCTTTC-1	2467
0	0.993	0.996	GAGCTGCCACGCACCA-1	1529
0	1	0.996	GAGCTGCCAGAACCGA-1	749
0.085	0.794	0.973	GAGCTGCGTGGATCGA-1	2393
0	1	0.997	GAGGCAAAGTAACAGT-1	2231
0	1	0.996	GAGGCCTCATAATGCC-1	2962
0.071	1	0.997	GAGGGATAGCCTATCA-1	1862
0	1	0.995	GAGGGATCACCGTCTT-1	951
0	0.995	0.997	GAGGGATGTCGGAACA-1	2894
0.008	0.999	0.997	GAGGGTAAGCAACCAG-1	2609
0.004	0.976	0.995	GAGGGTACAGCTATAC-1	3352
0.331	0.99	0.996	GAGTCTAAGGAAGTCC-1	2861
0.004	0.832	0.995	GAGTCTAAGTTATGGA-1	1344
0.15	0.726	0.992	GAGTGAGCAGGTAGTG-1	6151
0.38	1	0.997	GAGTGAGGTGGCCTCA-1	1586
0.004	0.965	0.994	GAGTGTTCATAGACTC-1	2752
0	0.991	0.996	GAGTGTTTCCGATGTA-1	2684
0.328	0.998	0.997	GAGTTACCATAGATGA-1	4320
0	0.965	0.997	GAGTTGTCAGTTAGAA-1	1350
0.095	1	0.997	GAGTTGTTCGGTAGAG-1	2280
0.047	0.861	0.99	GAGTTTGCAGCAGACA-1	2379
0.333	1	0.997	GAGTTTGTCGCCTTGT-1	3293
0	0.999	0.997	GATAGAAAGTATCTGC-1	1433
0	0.998	0.996	GATAGAAAGTCAATCC-1	1226
0.002	1	0.997	GATAGAACATAAGATG-1	658
0	0.999	0.997	GATAGCTCACATATCG-1	549
0.387	0.862	0.996	GATCACATCACTTATC-1	5407
0	0.967	0.996	GATCACATCTATTGTC-1	1383
0	1	0.994	GATCAGTAGCCTGAGA-1	565
0.285	0.74	0.996	GATCAGTCAGCAGTCC-1	2977
0	0.999	0.995	GATCAGTGTAAGACCG-1	740
0	0.688	0.986	GATCAGTTCTCGCCTA-1	1267
0	1	0.997	GATCATGAGACTTCCA-1	744
0	0.987	0.997	GATCATGGTTTGCCGG-1	2985
0.05	0.677	0.997	GATCGTAAGGCCGCTT-1	4655
0.02	1	0.997	GATCGTACAGTTTCAG-1	1660
0	0.663	0.994	GATCGTACATAGATCC-1	2877
0.016	0.852	0.996	GATCGTAGTCGTATGT-1	3936
0.253	0.999	0.997	GATGACTTCAGACCCG-1	4237
0	0.955	0.997	GATGACTTCGAAGCAG-1	3458
0.002	1	0.997	GATGAGGAGAAACACT-1	1749
0.399	0.962	0.997	GATGAGGAGGGCTGAT-1	5658
0.002	1	0.997	GATGATCAGGACGCAT-1	3076
0.044	1	0.997	GATGATCCATGGCGCT-1	3907
0	1	0.996	GATGATCTCCGCACGA-1	1189
0.002	0.999	0.997	GATGCTACAGTGTGCC-1	2660
0.001	1	0.997	GATGCTATCGATCCCT-1	1633
0	1	0.997	GATGGAGGTATGCTTG-1	3308
0	0.999	0.997	GATGGAGTCTACTGCC-1	2645
0	0.837	0.648	GATTCGAAGGGCTGAT-1	1135
0.008	0.73	0.997	GATTCGATCACATTGG-1	2500
0.001	0.975	0.997	GATTCTTAGTACTGGG-1	2647
0.398	0.986	0.997	GATTCTTTCATCTCTA-1	2529
0.001	0.982	0.997	GATTCTTTCGATGGAG-1	1666
0.118	0.67	0.996	GATTGGTCACTGGCCA-1	4464
0.001	1	0.993	GATTTCTAGTTGTACC-1	1580
0	0.909	0.997	GCAACATCAAGCGAAC-1	2871
0.397	0.678	0.995	GCAACATCATGGCTAT-1	7620
0.001	0.961	0.997	GCAACATTCGACCATA-1	2699
0.112	1	0.996	GCAACCGGTTTGGAGG-1	2380
0.4	0.712	0.996	GCACATAGTCTCGCGA-1	6691
0	1	0.993	GCACGTGTCGGTGAAG-1	1791
0	0.999	0.994	GCACGTGTCTTCCAGC-1	1262
0.388	0.852	0.994	GCACTAAAGGGACAGG-1	6309
0	1	0.997	GCACTAAAGTATAACG-1	1811
0.022	0.999	0.995	GCAGCCAAGGCTAAAT-1	2704
0.284	1	0.945	GCAGCCAAGTGCTAGG-1	2022
0	1	0.996	GCAGCCACATATGGCT-1	750
0	1	0.997	GCAGCCACATCTGCGG-1	1003
0.007	0.979	0.997	GCAGCCATCGCATGAT-1	3291
0	1	0.988	GCAGCTGAGCTTTCTT-1	626
0.116	0.997	0.997	GCAGCTGGTAGCTGTT-1	1503
0.001	0.985	0.983	GCAGCTGGTTAGGACG-1	591
0.182	1	0.997	GCAGGCTGTCAATGGG-1	4279
0.005	1	0.995	GCAGGCTGTCTTGTCC-1	1157
0.212	0.722	0.95	GCAGGCTGTGAAAGTT-1	3527
0	0.994	0.997	GCAGGCTGTGCCTGCA-1	1606
0	1	0.997	GCAGGCTTCAACTGAC-1	1293
0.234	0.671	0.996	GCAGTTAAGATGTTAG-1	2779
0.284	0.77	0.993	GCAGTTATCGCGTCGA-1	6996
0.341	0.986	0.993	GCATCGGAGTGTACAA-1	1929
0	0.862	0.995	GCATCGGGTTGGAGGT-1	2507
0.391	0.752	0.988	GCATCGGTCAGCAGAG-1	5434
0.21	1	0.995	GCATCGGTCTTCGGTC-1	1691
0.06	0.662	0.996	GCATGATCAAACTGCT-1	1790
0	1	0.995	GCATGATTCAGTCTTT-1	1756
0.006	1	0.996	GCATTAGCAAATGATG-1	991
0	1	0.995	GCATTAGGTCAGTCGC-1	1839
0.326	0.851	0.996	GCATTAGGTGATTCAC-1	2486
0.008	1	0.997	GCCAACGAGCAATAGT-1	2230
0	1	0.995	GCCAACGAGCCTGCCA-1	1377
0.075	1	0.99	GCCAACGCAGAGATTA-1	3258
0	1	0.997	GCCAACGGTAACGGTG-1	547
0.068	1	0.997	GCCAGCACAGGGACTA-1	2238
0.287	0.998	0.997	GCCAGCAGTTCCTACC-1	6357
0.002	1	0.997	GCCAGGTAGGTCATAA-1	1215
0.022	1	0.997	GCCAGGTCACATTGTG-1	1811
0	1	0.997	GCCAGGTCACTGTGAT-1	1020
0.249	1	0.995	GCCAGGTCATCTTTCA-1	2877
0.381	0.992	0.996	GCCAGGTTCTCATTTG-1	3969
0.189	1	0.996	GCCAGTGCAGCTGAGA-1	1621
0	0.998	0.996	GCCAGTGCATGTGGCC-1	1948
0.144	0.901	0.997	GCCAGTGGTCTGTAAC-1	5201
0.001	0.671	0.997	GCCAGTGTCAACTGGT-1	2813
0.002	1	0.997	GCCATGGCAAGTCCAT-1	1639
0	1	0.994	GCCATGGTCGAGAATA-1	1133
0.179	1	0.997	GCCATTCAGATGGTAT-1	2344
0	1	0.997	GCCATTCTCTTTCCAA-1	1508
0.395	0.676	0.996	GCCCAGAAGACGCTCC-1	4082
0.363	0.838	0.997	GCCCAGAGTCTGTAAC-1	3027
0.189	0.939	0.997	GCCCGAAGTTACCCAA-1	3716
0.029	0.975	0.996	GCCCGAAGTTCCTAAG-1	2556
0.007	0.996	0.997	GCCCGAATCTCAACGA-1	1667
0.014	0.79	0.996	GCCGATGAGAGTATAC-1	3061
0.008	1	0.992	GCCGATGAGGCCCAAA-1	1057
0.389	0.665	0.997	GCCGATGCAATTAGGA-1	4722
0.003	1	0.99	GCCGATGCATTGGATC-1	1652
0.391	0.662	0.996	GCCGTGAAGATGAACT-1	3889
0	1	0.995	GCCGTGACAGCAGTAG-1	2567
0.011	0.971	0.997	GCCGTGACAGGCAATG-1	2763
0.008	1	0.997	GCCGTGACATGGCTAT-1	2467
0	0.662	0.996	GCCGTGAGTAATACCC-1	3070
0.394	0.666	0.997	GCCGTGAGTGGCTTAT-1	4854
0.085	0.809	0.997	GCCTGTTAGGTCCAGA-1	5188
0.363	1	0.982	GCCTGTTGTCATCACA-1	2093
0	0.738	0.997	GCCTGTTTCGTCACCT-1	2161
0.009	1	0.997	GCGAGAACAGAAGTGC-1	2118
0	1	0.993	GCGAGAAGTCACAATC-1	545
0	1	0.997	GCGAGAATCAGTGTGT-1	555
0	1	0.995	GCGATCGAGGAGAGTA-1	961
0.01	1	0.997	GCGATCGAGTAGCAAT-1	1104
0.004	0.659	0.996	GCGGAAAGTCGCTTGG-1	4569
0.044	1	0.997	GCGGATCGTTCGGACC-1	1916
0	0.999	0.997	GCGTGCAAGGGTGGGA-1	1312
0.013	1	0.994	GCGTTTCAGTAACGAT-1	2426
0.001	0.816	0.994	GCGTTTCGTTCTCCCA-1	2488
0.155	0.794	0.996	GCTACAAAGGAAGAAC-1	3306
0	1	0.997	GCTACAATCCATGCAA-1	1299
0	1	0.996	GCTACCTAGCCTGCCA-1	1007
0	0.961	0.996	GCTACCTTCATAAGGA-1	3718
0.048	1	0.997	GCTCAAACAAGATGTA-1	1698
0	0.891	0.996	GCTCAAATCCGGACTG-1	519
0	0.998	0.997	GCTGAATAGATAGTCA-1	934
0.124	1	0.997	GCTGCAGAGGTCTTTG-1	789
0.018	0.989	0.981	GCTGCAGCATCTCCCA-1	1381
0.238	0.984	0.996	GCTGGGTAGGGTACAC-1	6818
0	1	0.997	GCTGGGTGTTGGGATG-1	732
0.046	0.93	0.997	GCTGGGTGTTTAGACC-1	3459
0	0.974	0.995	GCTTCACCACCGTGAC-1	1445
0.075	1	0.997	GCTTCACCATCCTAAG-1	3094
0.4	0.99	0.997	GCTTGGGAGGTTTACC-1	3202
0	1	0.997	GCTTGGGCAACCTAAC-1	1514
0	0.967	0.997	GCTTGGGGTTTCGCTC-1	3408
0.245	0.988	0.991	GCTTTCGAGTAGACCG-1	4459
0.067	0.756	0.995	GCTTTCGCAACCGATT-1	2733
0	0.997	0.992	GCTTTCGGTATCATGC-1	505
0.241	0.737	0.997	GCTTTCGTCGTTATCT-1	5104
0	1	0.997	GGAACCCGTGGTCTTA-1	865
0.05	0.999	0.997	GGAAGTGCAGTTCACA-1	1794
0.4	0.99	0.997	GGAAGTGTCTGGCTGG-1	4177
0.37	0.66	0.992	GGAATGGGTAGGAGTC-1	6527
0	1	0.992	GGACGTCAGTCTTCGA-1	1220
0.383	0.922	0.997	GGACGTCGTCGTTGCG-1	1239
0	1	0.996	GGAGATGAGATTGCGG-1	593
0.001	0.689	0.988	GGAGGATCAAGTATCC-1	3514
0.396	0.868	0.997	GGAGGTACATCTCCCA-1	5366
0.351	0.999	0.997	GGAGGTATCAGCTAGT-1	1945
0.391	0.938	0.997	GGATCTACACGGGTAA-1	2341
0.066	0.992	0.997	GGATCTATCATGAGAA-1	2380
0.001	1	0.997	GGATGTTAGATCACCT-1	1830
0.035	1	0.99	GGATGTTAGGGATGTC-1	587
0.323	0.932	0.995	GGATGTTAGGGCGAAG-1	2177
0.314	0.722	0.996	GGATGTTAGTACAACA-1	5927
0.225	1	0.996	GGATGTTTCCATTCGC-1	3731
0.362	0.677	0.997	GGCACGTCATCTCATT-1	6689
0	1	0.992	GGCACGTGTCTCGGAC-1	871
0.067	1	0.997	GGCAGTCTCTTCTGGC-1	1201
0	0.995	0.997	GGCGTCATCGGTGCAC-1	1985
0.001	1	0.997	GGCTGTGAGGGTTAGC-1	1031
0.285	1	0.003	GGCTGTGCAGTGTGCC-1	3355
0.079	0.863	0.997	GGCTGTGGTGGGAGAG-1	4298
0.001	0.995	0.997	GGCTGTGTCCTCTGCA-1	2539
0	0.913	0.991	GGCTTGGAGCGCCCAT-1	2265
0.021	0.967	0.996	GGCTTGGCAGTCAACT-1	2503
0.001	1	0.989	GGCTTGGGTTCTCACC-1	1435
0.008	0.999	0.996	GGCTTGGTCTGGCCAG-1	2376
0.003	1	0.997	GGCTTTCGTTCGCGTG-1	1777
0.001	0.967	0.997	GGCTTTCTCCATACTT-1	3690
0	0.998	0.997	GGGAAGTGTATCTCGA-1	1850
0	0.958	0.997	GGGACAAAGCATGCGA-1	2486
0.393	0.8	0.987	GGGACAAAGGTCATAA-1	5434
0.002	0.997	0.996	GGGACAAGTGAATAAC-1	3668
0.055	0.838	0.995	GGGACCTAGGAGAGTA-1	4085
0.159	0.997	0.995	GGGACCTCACGATAGG-1	1515
0	1	0.991	GGGACTCAGTCGAATA-1	978
0.002	0.981	0.997	GGGACTCCAGTCTCTC-1	2039
0.39	0.999	0.997	GGGACTCGTGTTCGTA-1	1495
0.094	1	0.997	GGGACTCTCGGTCTAA-1	656
0	1	0.996	GGGAGATCAATAACCC-1	1298
0.138	0.94	0.997	GGGAGATGTCAACGCC-1	3445
0.228	0.669	0.988	GGGAGTAAGATTGAGT-1	2918
0.081	0.994	0.996	GGGAGTACAGACACCC-1	2496
0.353	1	0.996	GGGATCCAGAGCCTGA-1	5013
0	1	0.995	GGGATCCAGCGAGAAA-1	971
0.158	0.723	0.997	GGGATCCAGGACGGAG-1	6621
0.106	0.959	0.993	GGGATCCCACCTGCTT-1	730
0.362	0.873	0.994	GGGATCCCACTACAGT-1	2333
0.129	0.66	0.993	GGGATCCTCGCCTAGG-1	3438
0.036	1	0.996	GGGATGAAGATCGGTG-1	2252
0.089	0.786	0.994	GGGATGACAGCAGTAG-1	2709
0	0.985	0.996	GGGATGATCCATCTAT-1	1628
0	0.984	0.997	GGGATGATCTTACGGA-1	1475
0.009	0.999	0.997	GGGCCATTCGCCTTTG-1	1234
0.252	1	0.997	GGGCGTTCATCTCGTC-1	1457
0	1	0.997	GGGCGTTGTCTTGCGG-1	678
0.275	0.707	0.997	GGGCGTTGTTTGTTCT-1	1944
0.095	0.999	0.997	GGGCGTTTCACTCTTA-1	4496
0	0.931	0.996	GGGCTACCAATGAGCG-1	3053
0.005	1	0.996	GGGCTCAAGAAGTCTA-1	1655
0	0.965	0.996	GGGTAGATCTCGTGGG-1	1606
0.39	0.844	0.997	GGGTCACAGAGGTATT-1	5063
0.011	0.689	0.997	GGGTCACGTGGAAGTC-1	2824
0.017	1	0.997	GGGTCACGTGTCATCA-1	2027
0.254	0.664	0.995	GGGTCACTCTGACGCG-1	3411
0.39	0.996	0.997	GGGTCTGGTGGTCAAG-1	3614
0.021	0.958	0.997	GGGTGAACAAAGTGTA-1	3957
0	1	0.994	GGGTGAAGTCGGTACC-1	1537
0.011	0.924	0.997	GGGTGAATCGAAGCCC-1	2961
0.065	0.877	0.997	GGGTGAATCTCACCCA-1	4305
0	1	0.997	GGGTGTCAGAGGGCGA-1	788
0.131	1	0.934	GGGTTATCACAATTCG-1	800
0.325	0.997	0.997	GGGTTATGTAGGCTGA-1	2458
0	1	0.996	GGGTTATTCCCATTCG-1	874
0	0.999	0.997	GGGTTTACAACACGAG-1	843
0	0.948	0.997	GGTAACTAGCAACTTC-1	4327
0	0.998	0.996	GGTAACTCAGCGACCT-1	1244
0	1	0.997	GGTAATCAGACTGGGT-1	1462
0.002	0.999	0.996	GGTAATCAGTCTCGTA-1	1768
0.228	1	0.996	GGTAATCGTATTAAGG-1	1366
0.065	0.998	0.997	GGTAATCTCGCTACGG-1	2433
0	1	0.991	GGTAGAGAGGCCTGCT-1	702
0.053	1	0.968	GGTAGAGCAGACCTAT-1	1176
0	1	0.993	GGTAGAGCAGGCCCTA-1	758
0.378	0.999	0.996	GGTAGAGTCCGCGGAT-1	2603
0	1	0.99	GGTGAAGAGTAGGCCA-1	579
0	0.998	0.997	GGTGAAGAGTGAGTGC-1	684
0.048	1	0.996	GGTGATTCAACACACT-1	1754
0	1	0.997	GGTGATTTCACCTCGT-1	1496
0.339	0.78	0.992	GGTGTCGCAGCACAAG-1	7286
0	1	0.997	GGTGTCGGTCATATGC-1	1705
0.174	0.709	0.989	GGTGTCGGTGACAACG-1	2895
0.393	0.955	0.985	GGTGTCGGTGGAGGTT-1	4590
0.265	0.658	0.996	GGTGTCGTCGCAGTTA-1	7405
0.004	1	0.997	GGTTAACGTGCTCTTC-1	2297
0.304	0.686	0.997	GGTTGTACACACAGAG-1	5579
0.251	0.882	0.997	GGTTGTACATTGGATC-1	5011
0.342	0.728	0.993	GTAACACCAGGACAGT-1	2291
0.106	1	0.997	GTAACCATCCATCGTC-1	522
0.392	0.835	0.994	GTAAGTCGTTCCGCTT-1	2167
0.396	0.88	0.997	GTAATCGAGCGCCATC-1	4180
0	0.685	0.992	GTAATCGAGGAGGCAG-1	3270
0.242	0.87	0.995	GTAATCGAGTTTGCTG-1	2382
0.4	0.703	0.996	GTAATCGCAGGAATCG-1	4108
0.001	0.812	0.997	GTAATCGGTCTAATCG-1	2707
0.317	0.789	0.993	GTAATCGTCATGTCAG-1	3342
0.009	1	0.997	GTAATGCCAATGGCAG-1	3014
0.001	1	0.993	GTAATGCCAGAAGTGC-1	1240
0.395	0.677	0.988	GTAATGCCAGCACGAA-1	4590
0.264	0.676	0.997	GTAATGCGTGAGCTCC-1	3429
0	1	0.996	GTACAACTCACCCTCA-1	1267
0.278	0.834	0.997	GTACAGTGTATTGAGA-1	6976
0	0.986	0.996	GTACAGTTCCGTAGGC-1	2058
0.085	0.939	0.996	GTAGAAACAGTGTATC-1	5797
0	1	0.964	GTAGAAAGTATCGCTA-1	644
0	1	0.995	GTAGAGGAGCGCTTCG-1	1715
0.385	0.888	0.997	GTAGAGGCAAGAGATT-1	5004
0	1	0.991	GTAGAGGCAGCTGGTC-1	812
0	0.762	0.987	GTAGAGGCATAATCGC-1	1778
0.03	1	0.997	GTAGAGGGTCTCACAA-1	2392
0.078	0.997	0.996	GTAGAGGGTGCAATAA-1	2347
0.316	0.667	0.994	GTAGATCCAAGATGTA-1	6744
0	1	0.945	GTAGATCCAGCTACAT-1	1785
0	0.999	0.997	GTAGCTACAGGTACGA-1	2623
0	1	0.997	GTAGGAGAGCAGTACG-1	2153
0.272	0.698	0.995	GTAGGAGCACTGTTCC-1	3882
0.052	0.998	0.997	GTAGGTTGTAGACGGT-1	3893
0	1	0.997	GTAGGTTGTATCAGGG-1	1446
0	0.999	0.992	GTAGTACTCGAGAGCA-1	2512
0	1	0.996	GTATTGGTCGCTTTAT-1	743
0	1	0.997	GTATTTCAGTCCGTCG-1	1219
0	1	0.993	GTATTTCGTCATCGGC-1	882
0.147	1	0.994	GTATTTCGTTCAGGTT-1	2074
0.073	0.679	0.994	GTATTTCTCACAACCA-1	7207
0	1	0.997	GTCAAACGTTGTCCCT-1	1513
0.176	0.716	0.985	GTCAAACTCACGACTA-1	2747
0.048	0.994	0.996	GTCAAACTCATAGCAC-1	1873
0.325	0.751	0.996	GTCAAGTCACAGCCTG-1	5884
0	1	0.997	GTCAAGTCAGGAACCA-1	1142
0.34	0.989	0.997	GTCAAGTCATAGGTAA-1	3713
0	1	0.995	GTCACGGAGATGCTAA-1	607
0.396	0.723	0.991	GTCACGGAGCGAACTG-1	6228
0.004	0.999	0.994	GTCACGGGTAGTCTGT-1	2246
0.025	0.978	0.997	GTCACGGTCCGAGGCT-1	2429
0.04	0.972	0.996	GTCACGGTCCTATTGT-1	1927
0.044	0.986	0.997	GTCACGGTCGCGTCGA-1	1726
0.001	1	0.997	GTCACTCAGCTATCTG-1	638
0	0.999	0.997	GTCACTCCATGGCGCT-1	580
0.037	1	0.993	GTCACTCTCTTACACT-1	2857
0.002	0.72	0.997	GTCAGCGCACATAGCT-1	3066
0.367	0.859	0.997	GTCATCCTCCTACGGG-1	6645
0.273	0.951	0.995	GTCATGAAGGAAAGAC-1	6277
0.352	0.999	0.997	GTCATGAAGGAGAGTA-1	3942
0	0.993	0.997	GTCATGAGTCGTGATT-1	1664
0.184	0.718	0.864	GTCATGATCCGAGGCT-1	2668
0	1	0.994	GTCATGATCTCTTAAC-1	997
0.399	0.861	0.994	GTCATTTAGGAAGTCC-1	3626
0	1	0.995	GTCATTTAGTTAACAG-1	1300
0	1	0.997	GTCATTTGTTGCACGC-1	1178
0.35	0.997	0.997	GTCCCATCAGCTTTGA-1	2645
0.004	1	0.997	GTCCTCATCCATCTGC-1	840
0.012	1	0.997	GTCCTCATCTACGCGG-1	2813
0.047	1	0.992	GTCGAATGTATGTGTC-1	1217
0.4	0.665	0.997	GTCGAATGTTGCTCAA-1	4472
0	0.956	0.995	GTCGTAAAGGAGCAAA-1	562
0	1	0.997	GTCGTAAAGGAGGGTG-1	1472
0	1	0.992	GTCGTTCCAGAGATTA-1	624
0	1	0.993	GTCGTTCGTTCAAGTC-1	1070
0	1	0.997	GTCGTTCTCGTACCTC-1	1404
0	0.877	0.997	GTCGTTCTCGTTCCTG-1	1988
0.293	1	0.906	GTCTACCAGGTTCATC-1	678
0	0.999	0.997	GTCTACCCACCAGTTA-1	903
0.017	0.918	0.997	GTCTACCCACTCAGAT-1	1273
0	1	0.996	GTCTACCCATGACGAG-1	1374
0.4	0.972	0.995	GTCTAGAAGCATATGA-1	2145
0	1	0.997	GTCTAGAAGGATTACA-1	1004
0.173	0.956	0.997	GTCTAGATCGCTTTAT-1	3023
0.172	0.998	0.995	GTCTCACAGCATAGGC-1	2863
0.396	1	0.997	GTCTCACAGGAGACCT-1	5381
0.1	0.999	0.997	GTGACGCGTGACTGTT-1	3745
0.384	0.681	0.996	GTGACGCTCGTTGTGA-1	7608
0.042	0.782	0.909	GTGAGCCAGATTAGTG-1	3385
0.185	0.663	0.994	GTGAGTTTCCCAATAG-1	3552
0	1	0.872	GTGAGTTTCGGCTGAC-1	733
0.4	0.98	0.996	GTGATGTCAAGGCTTT-1	1792
0	1	0.996	GTGATGTGTCCTACGG-1	980
0	1	0.996	GTGATGTTCAGACCCG-1	691
0.4	0.9	0.994	GTGCACGGTCACGTGC-1	5300
0.026	0.774	0.996	GTGCAGCGTCGCGGTT-1	1541
0	1	0.996	GTGCAGCTCAGGACAG-1	766
0.215	0.713	0.997	GTGCGTGGTACGGCAA-1	5719
0.313	0.949	0.997	GTGCTGGAGATCCGAG-1	2697
0	0.992	0.996	GTGCTGGAGCGATCGA-1	1201
0.4	0.685	0.992	GTGCTGGAGTAGATCA-1	5300
0	1	0.992	GTGCTGGCAAGCTGCC-1	1646
0.145	0.966	0.997	GTGCTGGCATCCTGTC-1	7057
0.001	1	0.997	GTGCTGGCATGCACTA-1	1246
0.198	0.794	0.996	GTGCTGGTCCCGAATA-1	2544
0.394	0.71	0.991	GTGCTTCAGCGCTTCG-1	6315
0.223	0.663	0.994	GTGCTTCCAGCAGACA-1	5824
0.012	0.969	0.994	GTGCTTCTCGCCTTTG-1	2700
0	0.995	0.997	GTGGAAGCACCCAATA-1	1237
0.094	1	0.997	GTGGAAGGTCGGTACC-1	2709
0.003	0.668	0.996	GTGGAAGTCACAGAGG-1	3804
0	0.892	0.997	GTGGAAGTCTGCCTCA-1	2589
0	1	0.996	GTGGAGACATAGACTC-1	1017
0	0.97	0.997	GTGGCGTAGCCGCTTG-1	509
0.032	0.824	0.996	GTGGGAACATACAGCT-1	4201
0.004	0.825	0.994	GTGGGAAGTCAATGGG-1	2934
0.32	0.841	0.996	GTGGGAATCTGTCTCG-1	4170
0.148	1	0.997	GTGTAACGTATTCCGA-1	2228
0.262	0.943	0.996	GTGTAACTCCTTTAGT-1	2554
0	1	0.993	GTGTCCTAGTCCTACA-1	1372
0	1	0.997	GTGTGATCAGCGTTTA-1	1490
0	1	0.967	GTGTGATCAGGGAGAG-1	638
0	1	0.995	GTGTGATGTGGTTTAC-1	905
0.152	0.687	0.997	GTGTGATTCTCCACTG-1	3532
0	1	0.997	GTGTGGCAGCTGACAG-1	1061
0	1	0.997	GTGTGGCCATGAATAG-1	1142
0	1	0.997	GTGTGGCTCATTTCCA-1	958
0.396	0.821	0.997	GTGTTAGAGTCATGGG-1	6274
0	0.999	0.997	GTGTTAGCAAAGGGCT-1	1320
0	1	0.997	GTGTTAGCAAGCGCAA-1	834
0.255	1	0.997	GTGTTAGGTTGTTGTG-1	3623
0.399	0.658	0.996	GTGTTCCAGCTGAGTG-1	7117
0.071	0.968	0.997	GTTACAGCAAATGGTA-1	5366
0.33	1	0.981	GTTACAGCAGCACGAA-1	534
0	0.993	0.997	GTTACAGGTAAGCGGT-1	2402
0.013	1	0.928	GTTACAGTCTTACGGA-1	1887
0.002	1	0.997	GTTACCCAGTATCCTG-1	2204
0.193	0.998	0.997	GTTACCCAGTGGTGAC-1	1270
0	0.997	0.996	GTTACCCTCCATCTAT-1	1301
0	1	0.997	GTTACCCTCTTCCGTG-1	1983
0.12	0.962	0.997	GTTACGACATGACTAC-1	1820
0.165	0.862	0.997	GTTACGAGTGGCCCAT-1	6144
0.099	1	0.948	GTTACGAGTTTCTTAC-1	508
0.008	0.667	0.996	GTTACGATCCTGCTAC-1	5377
0.001	1	0.997	GTTAGACAGAGTAACT-1	1653
0	1	0.997	GTTAGACCAACGACAG-1	910
0.134	1	0.997	GTTAGTGCATCTGGGC-1	582
0.074	1	0.996	GTTAGTGGTTCCAAAC-1	2255
0	1	0.994	GTTAGTGTCCTACTGC-1	1366
0.157	0.948	0.997	GTTATGGAGAGAAGGT-1	3324
0.232	0.885	0.995	GTTATGGGTGTTACAC-1	1149
0.018	1	0.997	GTTATGGTCCCTTGGT-1	2902
0.089	0.821	0.986	GTTATGGTCCGCTGTT-1	716
0	1	0.997	GTTCATTCAGTAGTGG-1	984
0.152	0.667	0.994	GTTCATTGTAAGCAAT-1	3837
0	1	0.996	GTTCATTTCATTTACC-1	1729
0	1	0.996	GTTCCGTGTTCTGACA-1	578
0.031	1	0.995	GTTCGCTAGGGAACAA-1	2643
0	1	0.997	GTTCGCTCACGTCGTG-1	1454
0	1	0.996	GTTCGCTTCACGACTA-1	1073
0.4	0.966	0.997	GTTCTATAGAAGAGCA-1	4913
0.002	1	0.997	GTTCTATTCTGGTGCG-1	1248
0.266	0.756	0.996	GTTGCGGTCCGTAATG-1	2527
0.025	0.994	0.996	GTTGCGGTCTGGGCGT-1	2270
0.366	0.677	0.997	GTTGCTCCATGCAGGA-1	5706
0	1	0.997	GTTGCTCGTACACGCC-1	960
0.4	0.988	0.995	GTTGTAGAGACATCAA-1	2970
0.001	1	0.997	GTTGTAGGTAGGTGCA-1	892
0	0.999	0.997	GTTGTAGGTCTTCGAA-1	2518
0.058	0.782	0.997	GTTGTAGTCGAATGCT-1	2817
0.001	0.906	0.996	GTTGTAGTCTTCGGTC-1	1742
0.019	1	0.996	GTTGTCCCAGCAGACA-1	2108
0.001	1	0.98	GTTGTCCGTCCTCATC-1	727
0.271	0.886	0.997	GTTGTCCTCACGATCA-1	4860
0.393	0.658	0.997	GTTGTGACAGACGATG-1	3099
0.108	0.677	0.993	GTTGTGACATGACTGT-1	6879
0	1	0.995	GTTTACTAGATAGTGT-1	1645
0	0.916	0.994	GTTTACTAGCAGTCTT-1	543
0.214	0.854	0.994	GTTTACTCAATGTGGG-1	6148
0.39	0.709	0.993	GTTTACTGTACAAAGT-1	6516
0	1	0.997	GTTTGGAAGAAGCTCG-1	1367
0.101	0.982	0.997	GTTTGGAGTGTCTTAG-1	2058
0.388	0.682	0.996	GTTTGGATCGACACCG-1	5399
0	0.999	0.997	TAACCAGTCGGTCACG-1	1020
0	1	0.997	TAACGACAGCGCTGAA-1	543
0.387	0.711	0.991	TAACGACGTCTTGAAC-1	2582
0	0.794	0.995	TAAGCACCAATACCCA-1	3615
0.054	0.998	0.996	TAAGCACGTGACACAG-1	2265
0	1	0.997	TAAGCACTCAGGCGAA-1	1329
0.399	0.842	0.991	TAAGCCACAAGTGGGT-1	1022
0.003	0.997	0.997	TAAGCGTCAGTTGTCA-1	2720
0	0.999	0.997	TAAGCGTCATCCTAAG-1	1151
0.002	0.907	0.997	TAAGCGTCATTGTCGA-1	5119
0	1	0.997	TAAGCGTTCGTTCTCG-1	1604
0.072	1	0.995	TAATCTCTCATGGAGG-1	2114
0	1	0.997	TAATTCCGTGCCGTTG-1	1169
0.145	0.662	0.995	TACAACGCAACAGAGC-1	6089
0.001	1	0.997	TACAACGTCGGACGTC-1	2262
0.002	0.776	0.991	TACACCCGTAGACTGG-1	3470
0	1	0.997	TACACCCGTTGGATCT-1	1503
0	1	0.997	TACACCCTCACAGTGT-1	2483
0.396	0.779	0.997	TACAGGTCACTGCTTC-1	6043
0.11	0.986	0.997	TACCCACAGTCTAGAA-1	3303
0.001	0.659	0.984	TACCCACTCCTACAAG-1	3076
0.195	0.985	0.997	TACCCACTCGATAACC-1	991
0.097	1	0.997	TACCCGTCATGGCACC-1	2632
0.088	0.662	0.993	TACCCGTGTGTCCGGT-1	3130
0.2	0.8	0.997	TACCGAAAGATTAGTG-1	4633
0.014	0.974	0.993	TACCGAAGTGACCTGC-1	1785
0.104	0.674	0.997	TACCGGGCAAGGTTGG-1	5885
0	0.999	0.997	TACCGGGTCGGTGCAC-1	1317
0.135	0.988	0.997	TACCTGCAGGGCCAAT-1	6003
0	1	0.996	TACCTGCCAGAGGTTG-1	1582
0.362	0.663	0.996	TACGCTCAGAGTAACT-1	7650
0	1	0.996	TACGCTCCACACCAGC-1	782
0	0.896	0.996	TACGCTCGTCGCCTAG-1	2397
0	1	0.724	TACGCTCTCAAGCCTA-1	693
0.196	0.892	0.997	TACGGGCAGGTTGCCC-1	6138
0	0.83	0.997	TACGGGCGTTCATCGA-1	1500
0.001	1	0.996	TACGGGCTCACGGGCT-1	3152
0	1	0.975	TACGGGCTCAGCTAGT-1	803
0	0.704	0.996	TACGGTAAGACTCTTG-1	5408
0.385	0.999	0.997	TACGGTACATCGTCCT-1	2856
0	1	0.992	TACTGCCCATCTCGTC-1	1030
0.109	1	0.994	TACTGCCGTCTCAGAT-1	1786
0.204	0.692	0.994	TACTTACTCGTGTTCC-1	3267
0.297	0.699	0.992	TAGACTGTCGTTAGTG-1	4880
0.237	0.801	0.995	TAGACTGTCTCCTGCA-1	4579
0	0.68	0.991	TAGAGTCAGGTCACTT-1	3907
0.137	1	0.996	TAGAGTCGTTCCCACT-1	631
0.002	0.989	0.987	TAGATCGAGTGCGACA-1	2308
0.052	1	0.996	TAGATCGCATTCGGGC-1	1201
0.218	0.687	0.995	TAGATCGTCATACGAC-1	6190
0.01	1	0.996	TAGCACACAAACCATC-1	3044
0.009	1	0.997	TAGCACACAAGAGTTA-1	2948
0.393	0.695	0.995	TAGGAGGGTATACCCA-1	5982
0.092	0.94	0.997	TAGGAGGGTCTGTGGC-1	3352
0.38	0.814	0.997	TAGGAGGTCATGGAGG-1	3277
0	1	0.996	TAGGGTTGTGCTCTCT-1	1243
0	1	0.997	TAGGGTTTCTTACCGC-1	1278
0.005	0.66	0.995	TAGGTACCACAAACGG-1	4232
0	1	0.996	TAGGTTGAGTACCCTA-1	951
0	1	0.997	TAGTGCACACATACGT-1	734
0.4	0.988	0.996	TAGTGCAGTAACTAAG-1	5239
0.206	0.743	0.995	TATATCCAGTTGCGCC-1	7688
0.002	1	0.997	TATATCCCAAGTCATC-1	1551
0	1	0.994	TATATCCGTACACGTT-1	589
0.009	0.674	0.995	TATATCCGTAGTCCTA-1	1008
0	1	0.997	TATCCTACACTTGGGC-1	1218
0.34	1	0.997	TATCCTATCCAAGGGA-1	2097
0.049	0.935	0.991	TATCCTATCGCGAAGA-1	1940
0.002	0.999	0.997	TATCGCCAGAGGCGTT-1	1134
0	0.699	0.996	TATCTGTTCCCGTGAG-1	1849
0.021	0.968	0.996	TATCTTGGTTCTAACG-1	2667
0.153	0.737	0.996	TATTCCACAGATTAAG-1	5686
0.115	1	0.996	TATTCCAGTCTACAAC-1	1550
0	0.749	0.977	TATTCCATCTGTCTCG-1	3106
0	0.971	0.997	TATTGGGCAAGTGGTG-1	2470
0.368	0.999	0.997	TATTGGGGTAAGATCA-1	3184
0	1	0.997	TCAAGACAGTCGAAGC-1	2791
0	1	0.997	TCAAGCAAGCCGTTGC-1	1527
0.259	0.665	0.996	TCAAGCAAGGCATCTT-1	5845
0.224	0.686	0.997	TCAAGCAAGTGCTAGG-1	4403
0.005	0.995	0.997	TCAAGCACACGACGCT-1	3676
0	0.986	0.995	TCAAGCAGTTCTCGTC-1	2417
0.382	0.999	0.994	TCAAGCATCACGGGAA-1	2393
0	1	0.997	TCAAGCATCGCGTTTC-1	959
0.044	0.988	0.996	TCAAGTGAGAGGTATT-1	2807
0.375	1	0.994	TCAAGTGAGCGTGCTC-1	2266
0.4	0.729	0.997	TCAATCTAGTTTCGAC-1	2984
0.017	1	0.996	TCAATTCCATTCACAG-1	1083
0.114	0.817	0.997	TCAATTCGTGAGATTA-1	2504
0	1	0.997	TCACAAGCATCCTGTC-1	1565
0.322	0.97	0.994	TCACAAGCATGGGATG-1	2735
0	1	0.995	TCACAAGTCTGCCTGT-1	1024
0	0.909	0.991	TCACACCGTGCTCCGA-1	599
0	1	0.995	TCACATTTCGCCCAGA-1	1866
0.383	0.826	0.997	TCACGCTTCTGTGCTC-1	3078
0.006	0.891	0.997	TCACTATAGTGCGTCC-1	2727
0.179	0.95	0.923	TCACTATGTAGACTGG-1	3773
0.001	0.695	0.993	TCACTATGTCGAATGG-1	2660
0.123	0.737	0.997	TCAGCAAAGACGCAGT-1	5415
0.233	1	0.997	TCAGCCTCACTGGATT-1	2059
0.209	0.991	0.997	TCAGCCTCATCAGCGC-1	2988
0	0.979	0.997	TCAGCCTTCAAGAGGC-1	2511
0.27	0.934	0.997	TCAGGGCAGCGCCTTG-1	4777
0.161	0.882	0.996	TCAGGGCTCGCGGACT-1	2729
0.061	1	0.992	TCAGGTATCTTCGTGC-1	2091
0	1	0.99	TCAGTCCAGAACGCGT-1	631
0.119	0.692	0.996	TCATACTTCTAGACCA-1	7436
0	1	0.997	TCATCATCAATTGAAG-1	924
0	1	0.995	TCATCATCATGTTCGA-1	508
0	0.955	0.997	TCATCATTCTTCCCAG-1	4450
0	0.675	0.991	TCATCCGGTCACCCTT-1	4907
0.014	0.682	0.995	TCATGAGCACGGCCAT-1	6421
0	1	0.996	TCATGAGCAGCGTACC-1	930
0	0.992	0.997	TCATGCCCAAGGACAC-1	1775
0.383	0.706	0.995	TCATGCCGTTACAGCT-1	6339
0.223	0.798	0.997	TCATGGACAAATGCGG-1	2523
0.3	0.975	0.997	TCATGTTAGATCCCGC-1	4295
0	1	0.996	TCATTACTCCCTCATG-1	1084
0	0.965	0.989	TCATTACTCTTGGCTC-1	3077
0.071	0.698	0.997	TCATTGTTCACCGGTG-1	5332
0.145	0.989	0.997	TCATTTGGTCAACATC-1	4890
0	1	0.995	TCCACGTTCAACCGAT-1	939
0.4	0.99	0.996	TCCAGAAGTTGGCCTG-1	2777
0.201	1	0.994	TCCAGAATCACTTTGT-1	2316
0.009	0.673	0.981	TCCATCGGTTCCATTT-1	3760
0.021	1	0.997	TCCATGCAGTCTAACC-1	3634
0	1	0.994	TCCATGCCAATTTCCT-1	1391
0.001	0.87	0.996	TCCATGCGTCCAATCA-1	2452
0	1	0.992	TCCCACAAGGGAGGTG-1	1539
0	1	0.997	TCCCAGTAGAGATCGC-1	707
0.015	0.786	0.997	TCCCATGAGGCAGCTA-1	3166
0.308	0.959	0.995	TCCCATGCAAGTGATA-1	1616
0.001	1	0.994	TCCCATGCAGTCAACT-1	1779
0.155	0.697	0.982	TCCCATGGTGCTCTCT-1	4385
0.106	1	0.993	TCCCATGGTGTGACCC-1	3258
0.004	0.908	0.996	TCCGAAACATACAGCT-1	3199
0	0.992	0.997	TCCGATCCACACTGGC-1	3149
0.001	1	0.997	TCCGATCTCACCGGTG-1	962
0.273	0.785	0.996	TCCGGGAAGCGTGAAC-1	4646
0.336	0.991	0.997	TCCGTGTGTGCTAGCC-1	2433
0.097	0.789	0.996	TCCTAATCACCCTGAG-1	6930
0	0.999	0.997	TCCTCCCCAATTGCCA-1	1265
0	1	0.988	TCCTCCCGTATTAAGG-1	2828
0	1	0.995	TCCTCCCTCAAGAGTA-1	1102
0	1	0.997	TCCTCCCTCCATTTAC-1	1057
0	1	0.995	TCCTCGATCCATTTCA-1	650
0.394	0.927	0.996	TCCTCGATCGAGAACG-1	1541
0.001	1	0.997	TCCTCTTCAGTGGGTA-1	3655
0.305	0.87	0.997	TCCTCTTTCCAGTACA-1	3783
0.005	0.667	0.997	TCCTCTTTCTTCACAT-1	2814
0	1	0.996	TCCTGCACAGATCCAT-1	1650
0	1	0.997	TCCTGCATCTCCCAAC-1	886
0	1	0.995	TCCTTCTCACCGAATT-1	840
0	1	0.996	TCCTTCTGTGAATTAG-1	960
0.015	0.999	0.997	TCCTTCTTCGACATTG-1	2107
0.136	0.99	0.996	TCCTTTCGTACCGTCG-1	4918
0.034	0.997	0.997	TCCTTTCGTCATATGC-1	1071
0.185	0.744	0.996	TCGAACAAGTAGATCA-1	2593
0.003	1	0.997	TCGAAGTGTTGCTGAT-1	3889
0.047	1	0.994	TCGAAGTTCTAACACG-1	730
0.4	0.69	0.997	TCGACCTCACTGAGGA-1	6353
0.243	1	0.997	TCGACCTGTGGCCTCA-1	2331
0	1	0.997	TCGACGGTCCACAGCG-1	1593
0.387	0.849	0.997	TCGACGGTCCTCTTTC-1	6145
0	1	0.997	TCGATTTAGTCAGGGT-1	1235
0	1	0.997	TCGATTTTCTAAACGC-1	1113
0.021	1	0.996	TCGCACTAGGATATAC-1	629
0	1	0.988	TCGCAGGAGCACAAAT-1	1220
0.395	0.806	0.995	TCGCAGGAGCGAGAAA-1	2789
0	0.672	0.931	TCGCAGGCATGTTTGG-1	1777
0.281	0.659	0.991	TCGCAGGTCTGAACGT-1	5127
0.138	0.691	0.951	TCGCTTGAGCCGTCGT-1	4362
0.4	0.704	0.997	TCGCTTGGTTTCCAAG-1	6425
0.149	0.967	0.996	TCGGATAAGAGAGCAA-1	2184
0	0.996	0.997	TCGGATAGTGGCTAGA-1	2467
0.059	0.884	0.997	TCGGGACTCATTATCC-1	3237
0.135	1	0.997	TCGGGCATCTGGCTGG-1	2021
0.032	1	0.997	TCGGGTGCAAGGTACG-1	1532
0	1	0.988	TCGGGTGCATAATGAG-1	1148
0.375	0.932	0.996	TCGGGTGTCCCTGGTT-1	1765
0.006	1	0.995	TCGTAGAAGGCGCTCT-1	1009
0	1	0.997	TCGTAGAAGTCTAACC-1	1612
0.02	0.843	0.995	TCGTAGATCCGCTAGG-1	2279
0.006	0.755	0.997	TCGTCCAAGAGTGGCT-1	3231
0.047	0.986	0.986	TCGTCCACATATTCGG-1	2643
0.012	1	0.997	TCGTGCTTCTATTCGT-1	1337
0.001	0.986	0.996	TCGTGGGAGCAGCCCT-1	1107
0.005	1	0.993	TCGTGGGTCGTTCATT-1	1036
0	1	0.994	TCTAACTTCCCGAGGT-1	2100
0.06	1	0.994	TCTACCGCAATGAACA-1	935
0.202	0.828	0.996	TCTACCGCAGTCGAGA-1	5933
0.006	1	0.996	TCTATACAGAATCTAG-1	2288
0.017	1	0.993	TCTATACCAGGACTAG-1	1032
0.399	0.999	0.994	TCTATACGTTGCATAC-1	2348
0	0.736	0.995	TCTATCAGTCGACTGC-1	2887
0.05	0.873	0.997	TCTATCAGTTTACACG-1	3137
0.279	0.745	0.997	TCTATCATCCTGGGTG-1	6169
0	1	0.994	TCTCACGCACTACCGG-1	1863
0.384	0.837	0.994	TCTCACGGTCGCATGC-1	4265
0.001	1	0.994	TCTCAGCAGACACACG-1	799
0	1	0.995	TCTCAGCTCGCAGAGA-1	910
0.223	0.91	0.995	TCTCCGAAGTGCTCAT-1	3013
0	1	0.996	TCTCCGAAGTTGCGAG-1	1857
0	0.999	0.996	TCTCCGACAATCTGCA-1	1472
0.372	0.97	0.995	TCTCCGAGTGTCCTAA-1	4944
0	1	0.987	TCTCTGGCACAATGTC-1	1086
0	0.876	0.997	TCTCTGGGTAACATGA-1	2546
0.035	1	0.997	TCTCTGGGTAATCAAG-1	2346
0.286	0.697	0.996	TCTGGCTTCAACGTGT-1	2376
0	0.965	0.997	TCTTAGTGTTCCTACC-1	2535
0.029	0.979	0.996	TCTTCCTTCGGTCGGT-1	3150
0	0.997	0.997	TCTTGCGAGCGGGTAT-1	1351
0.193	0.995	0.997	TCTTGCGGTTCAAGGG-1	2453
0	1	0.996	TCTTGCGTCGCCAACG-1	1060
0.337	1	0.997	TCTTGCGTCGGTCAGC-1	560
0.058	0.999	0.996	TCTTTGACAAGGAGTC-1	2554
0.124	0.856	0.997	TGAATCGCATTAAAGG-1	2709
0.386	0.771	0.996	TGAATGCCAATCTGCA-1	2730
0.286	0.916	0.997	TGAATGCTCCTACGAA-1	4734
0	0.999	0.997	TGACAGTGTACAGGTG-1	1342
0.054	0.928	0.996	TGACAGTTCTGGACCG-1	1983
0.009	1	0.997	TGACCCTCAAGGTCAG-1	1312
0.381	0.662	0.997	TGACCCTGTGAGAACC-1	6108
0	0.802	0.794	TGACCCTTCAAGTAAG-1	2949
0.004	0.993	0.996	TGACCCTTCCGCTGTT-1	2075
0.042	1	0.995	TGACCCTTCTGCATAG-1	2099
0	1	0.989	TGACGCGTCTATCACT-1	717
0.033	0.658	0.991	TGACGCGTCTCGGGAC-1	5295
0.277	0.733	0.989	TGACTCCCAACCAGAG-1	5461
0	1	0.997	TGACTCCGTCCGATCG-1	1570
0	1	0.997	TGACTCCTCATGCCCT-1	1521
0.104	0.907	0.996	TGAGACTGTCAAAGCG-1	2333
0.044	0.704	0.994	TGAGACTGTTGCATCA-1	3576
0	0.968	0.997	TGAGACTTCAGCTTCC-1	1603
0.022	1	0.99	TGAGCATAGTCTGCGC-1	3547
0.399	0.97	0.996	TGAGCATCACTAACGT-1	2760
0	1	0.997	TGAGGAGGTAAGAACT-1	1176
0	1	0.997	TGAGGAGGTATTGACC-1	1347
0.4	0.706	0.994	TGAGGAGGTCCGGTGT-1	6450
0.234	0.775	0.997	TGAGGAGTCGCTTGAA-1	3595
0.015	0.992	0.997	TGAGGGAAGAGTCAGC-1	2509
0	1	0.996	TGAGGGATCGATACTG-1	540
0	1	0.991	TGATCAGAGCGATCGA-1	934
0.001	1	0.992	TGATCTTAGTTAGTGA-1	1066
0	1	0.997	TGATCTTTCGACCAAT-1	1096
0.018	1	0.997	TGATGGTAGAGGTATT-1	620
0	0.999	0.994	TGATGGTCACTATCCC-1	576
0.001	0.873	0.997	TGATGGTCAGATCCAT-1	514
0.398	0.994	0.997	TGATGGTCATGACCCG-1	5058
0	0.921	0.997	TGATGGTGTACTAGCT-1	588
0.001	1	0.995	TGATTCTAGAAATTGC-1	891
0	1	0.997	TGATTCTGTAGGTCAG-1	1238
0	0.898	0.996	TGATTCTTCAAGTGGG-1	2514
0.234	0.66	0.996	TGATTCTTCTCGTGAA-1	6411
0.104	0.998	0.997	TGCACGGCAATAACCC-1	1563
0.001	0.732	0.989	TGCACGGGTGCCTGAC-1	3570
0.005	0.702	0.997	TGCAGATTCGGTCTGG-1	4629
0	1	0.997	TGCAGGCCAATCTCTT-1	1930
0	0.999	0.997	TGCAGGCTCCGAGAAG-1	2099
0.246	0.751	0.996	TGCAGTAAGCTAGATA-1	2755
0.209	0.954	0.997	TGCAGTAAGGAGTCTG-1	2497
0.006	1	0.946	TGCAGTACACAATCTG-1	908
0	1	0.997	TGCAGTACAGACTGCC-1	1938
0.395	0.997	0.997	TGCATCCAGGTCGTCC-1	1379
0	1	0.992	TGCATCCCACATACTG-1	693
0	0.972	0.996	TGCCGAGCACAACGAG-1	2254
0.005	0.705	0.994	TGCCGAGGTGGGAGAG-1	3773
0	1	0.997	TGCGACGAGGACAAGA-1	661
0.138	0.969	0.997	TGCGACGGTACATTGC-1	2819
0.351	0.711	0.992	TGCGACGGTATCATGC-1	7075
0	0.964	0.997	TGCGACGGTTAAACCC-1	2525
0	1	0.994	TGCGACGTCATCACCC-1	1689
0	0.68	0.996	TGCGATAAGTAGGGTC-1	2752
0.4	1	0.959	TGCGATACAAAGGATT-1	4556
0.154	0.829	0.99	TGCGATAGTATTCCGA-1	4466
0	1	0.997	TGCGATAGTTTGTTGG-1	1757
0	0.982	0.997	TGCGATATCATTTGCT-1	2809
0	0.989	0.997	TGCGGGTAGTGTACCT-1	3413
0.378	0.668	0.994	TGCGGGTGTCCGGCAT-1	5473
0	1	0.997	TGCTCCATCTGTGTGA-1	1575
0.069	0.998	0.996	TGCTCGTCAAGAATGT-1	2499
0	1	0.994	TGCTCGTCACCTCTGT-1	659
0.004	1	0.987	TGCTCGTGTCTCTCCA-1	2238
0.01	0.661	0.997	TGCTGAAAGGGCTTCC-1	2994
0	0.888	0.983	TGCTGAAGTCCCACGA-1	2140
0	1	0.996	TGCTTCGCAAATGCTC-1	609
0.001	1	0.994	TGCTTCGGTCATAACC-1	1638
0.245	0.997	0.997	TGCTTCGTCTGATTCT-1	3761
0.347	1	0.994	TGCTTGCCACCAATTG-1	2747
0	1	0.997	TGCTTGCCACCAGGTC-1	762
0.022	0.984	0.995	TGGAACTCAACTGGTT-1	2227
0.219	0.695	0.996	TGGAACTGTATCGAGG-1	5491
0	1	0.997	TGGAACTTCACGTCCT-1	832
0.007	0.963	0.997	TGGAACTTCTGTCTCG-1	1732
0	1	0.996	TGGAGAGGTCAGCGTC-1	1532
0.179	0.96	0.997	TGGAGAGTCCCAACTC-1	2080
0	1	0.997	TGGAGAGTCTGAACGT-1	751
0.001	1	0.994	TGGATCAAGCACTCGC-1	1054
0	0.958	0.997	TGGATCAAGGTGCCAA-1	1534
0	1	0.997	TGGATCAAGTCTTCCC-1	1716
0.334	0.998	0.997	TGGATCACAGTTGAAA-1	1942
0	1	0.763	TGGATCATCCTATGGA-1	525
0.005	1	0.955	TGGATGTAGTAGAGTT-1	995
0.148	0.997	0.995	TGGATGTAGTATCCTG-1	3615
0	1	0.997	TGGCGTGGTCATACCA-1	1260
0.26	0.663	0.994	TGGCGTGTCTCTCGAC-1	5260
0.015	0.848	0.997	TGGGAAGTCATGCAGT-1	2232
0.001	0.994	0.997	TGGGAAGTCCTTGACC-1	1271
0	0.999	0.997	TGGGAGAAGTATTGCC-1	4718
0.144	0.675	0.994	TGGGATTCACGTCGGT-1	3608
0	1	0.983	TGGGATTGTTTAGTCG-1	1283
0.39	1	0.997	TGGGATTTCCATTGGA-1	800
0.015	1	0.996	TGGGCGTCACACCTAA-1	2577
0.006	0.819	0.997	TGGGCGTGTGCCGTAC-1	2329
0.005	0.941	0.997	TGGGCGTGTTTGAAAG-1	2438
0.119	0.983	0.997	TGGGCGTTCGGCCAAC-1	4222
0.001	0.973	0.997	TGGGCTGAGGTCTACT-1	2537
0	0.942	0.997	TGGGCTGAGTACAACA-1	2449
0	0.933	0.997	TGGGCTGCACAAATGA-1	1568
0	0.999	0.997	TGGGCTGCATGACGAG-1	4055
0	1	0.997	TGGGCTGTCGTCTAAG-1	1210
0	1	0.994	TGGGTTAGTGTGCCTG-1	1116
0	0.999	0.996	TGGGTTATCGACCCAG-1	736
0.001	1	0.996	TGGGTTATCGTAGAGG-1	1170
0.019	0.674	0.997	TGGTACAAGAGTGGCT-1	3572
0	1	0.997	TGGTACAAGCCTCTTC-1	903
0.18	1	0.997	TGGTACAAGTGTTGAA-1	2579
0.339	0.924	0.997	TGGTACATCCAGCAAT-1	6568
0	1	0.991	TGGTACATCGCTATTT-1	991
0.369	1	0.997	TGGTAGTTCAACTTTC-1	4157
0.025	1	0.997	TGGTGATCAAAGAGTT-1	3037
0.105	0.666	0.996	TGTAACGCAGTTCTAG-1	5768
0.001	1	0.996	TGTAAGCAGAATTCAG-1	880
0.022	0.81	0.997	TGTAAGCCACGTCTCT-1	3721
0.337	0.695	0.997	TGTACAGAGAGGTTAT-1	5684
0	1	0.997	TGTACAGGTATTGAGA-1	898
0.017	0.996	0.997	TGTACAGGTTCAAAGA-1	3022
0.005	0.944	0.997	TGTAGACTCTCTATGT-1	3684
0.35	0.784	0.994	TGTCAGAGTCAAGCCC-1	7453
0	1	0.997	TGTCAGATCGGCATCG-1	1049
0.006	1	0.997	TGTCCACAGAACAGGA-1	1072
0	1	0.997	TGTCCACCAAGCCCAC-1	667
0.001	0.988	0.997	TGTCCCACAATTGCTG-1	2704
0.381	1	0.997	TGTCCCACAGCTTTCC-1	3605
0.004	0.69	0.997	TGTCCTGCATGGCTAT-1	3284
0.396	0.663	0.997	TGTCCTGGTTATGGTC-1	3669
0.4	0.999	0.997	TGTGATGTCAAAGAAC-1	5369
0.126	0.661	0.994	TGTGATGTCTAGGCAT-1	3596
0.038	0.925	0.997	TGTGCGGAGAGCTTTC-1	3638
0.034	0.686	0.997	TGTGGCGCACCAGTTA-1	3832
0	1	0.997	TGTGGCGCATTGCCTC-1	4278
0.038	0.701	0.997	TGTGTGACATGACTAC-1	5399
0.386	0.908	0.997	TGTGTGAGTACGCTTA-1	5173
0.015	1	0.997	TGTTCTACAGCCGTCA-1	1119
0	1	0.996	TGTTGAGAGAGTGACC-1	1191
0.081	1	0.989	TGTTGAGAGCTATCTG-1	2762
0	0.992	0.987	TGTTGAGAGGTGCCTC-1	674
0.123	0.873	0.995	TGTTGAGCAAGTATCC-1	5413
0.001	0.881	0.996	TGTTGAGGTCTCCCTA-1	1835
0.033	1	0.997	TGTTGAGTCATGTCTT-1	1589
0	0.987	0.997	TGTTGAGTCCCGTAAA-1	3312
0.007	0.887	0.997	TGTTGGAAGGTCATAA-1	1548
0	1	0.997	TGTTGGACATGACTCA-1	532
0	0.658	0.987	TGTTTGTCAGAACGCA-1	3069
0	1	0.997	TGTTTGTTCTATACTC-1	788
0.063	1	0.997	TTAATCCCATTGAGCT-1	841
0.363	0.822	0.993	TTAATCCGTCGAATTC-1	4471
0	0.999	0.997	TTAATCCGTGTGAATA-1	3873
0.007	0.969	0.981	TTACAGGCAAAGTGTA-1	3345
0.015	0.851	0.997	TTACAGGTCTGGTGCG-1	2561
0	1	0.996	TTACCATGTGGTTTGT-1	1513
0.028	0.995	0.997	TTACCGCCAAGGTACG-1	3368
0.363	0.873	0.997	TTACCGCGTTGCGGCT-1	3106
0.007	0.976	0.996	TTACGCCGTGTCCATA-1	1810
0.035	0.664	0.995	TTACGCCTCGCCGAGT-1	4329
0.385	0.856	0.996	TTACGTTCAAGAGTAT-1	6770
0.069	1	0.997	TTACGTTGTCGGCCTA-1	1352
0.285	0.774	0.996	TTACGTTTCGAGAAGC-1	3131
0.002	0.7	0.996	TTACTGTGTTGTAGCT-1	3446
0.003	0.997	0.991	TTAGGCAAGCCTATCA-1	2845
0.159	1	0.996	TTAGGCACAGTAACAA-1	2286
0.178	0.677	0.98	TTAGGCAGTCACTTCC-1	4232
0.369	0.999	0.996	TTAGGGTCAGAGTGTG-1	1477
0	1	0.994	TTAGGGTGTAGCGTTT-1	721
0.003	0.935	0.997	TTAGGGTGTGATAGTA-1	1638
0.086	1	0.996	TTAGGGTTCCGTAGGC-1	2440
0.006	1	0.996	TTAGTCTCAACTACGT-1	2768
0.329	0.842	0.997	TTAGTCTTCGAAACAA-1	4761
0	1	0.982	TTATTGCGTATCGTAC-1	820
0.14	0.976	0.997	TTATTGCGTCCCTAAA-1	1054
0	1	0.997	TTATTGCGTCCTACGG-1	927
0.368	0.666	0.996	TTATTGCTCACTTGTT-1	3317
0.066	1	0.997	TTATTGCTCTCGTTTA-1	1303
0.175	0.661	0.996	TTCAATCAGGCATGGT-1	6401
0.155	1	0.989	TTCACGCAGTGACCTT-1	544
0	1	0.995	TTCACGCCATACCATG-1	1407
0	1	0.997	TTCACGCCATGCCGCA-1	1722
0	0.999	0.996	TTCACGCGTGCCAAGA-1	1278
0.339	0.808	0.997	TTCACGCTCACGAACT-1	2027
0.35	0.904	0.996	TTCAGGACACACGTGC-1	5232
0.072	1	0.997	TTCAGGACACTTGGGC-1	3506
0.089	1	0.997	TTCAGGATCATAGCAC-1	722
0	1	0.772	TTCATGTAGCAGCACA-1	1077
0	0.984	0.997	TTCATTGAGTGCTCGC-1	2443
0.169	0.867	0.996	TTCATTGCAAGAGTGC-1	2683
0.004	0.78	0.997	TTCATTGTCGTAGCCG-1	3298
0.26	0.989	0.997	TTCCAATAGAATCGCG-1	2432
0.219	1	0.996	TTCCAATAGTAAACTG-1	1650
0.355	0.677	0.997	TTCCAATGTTGGCCTG-1	6219
0.032	1	0.995	TTCCACGAGATGTTCC-1	1308
0.353	0.97	0.996	TTCCGGTAGGGAGGAC-1	3401
0.004	0.921	0.992	TTCCGGTGTGTTACAC-1	996
0.317	0.658	0.987	TTCCGTGCAAGTGGGT-1	4931
0.072	0.772	0.996	TTCCGTGGTCTTTATC-1	5716
0.001	0.996	0.997	TTCCTAAGTCTTTCAT-1	4215
0.023	0.733	0.996	TTCCTAATCGCTTACC-1	2578
0.31	0.83	0.995	TTCCTCTCAACTCGTA-1	3406
0.381	0.939	0.997	TTCCTCTGTTGCGGAA-1	6574
0	0.982	0.997	TTCCTTCGTCGCAGTC-1	4947
0.391	0.998	0.997	TTCCTTCTCCAGTACA-1	3113
0.108	0.98	0.995	TTCCTTCTCCGAGATT-1	8137
0.031	1	0.997	TTCCTTCTCCGATAGT-1	2479
0	1	0.985	TTCCTTCTCTTTCCAA-1	1147
0	1	0.994	TTCGATTTCTGGCCAG-1	1089
0	1	0.997	TTCGCTGGTGCACGCT-1	1317
0.214	1	0.991	TTCGCTGGTTACCTTT-1	1904
0.002	0.994	0.997	TTCTAACAGTTGTAGA-1	3107
0.368	0.997	0.997	TTCTAACCATCTCCCA-1	2017
0	0.897	0.996	TTCTAACGTAGGTAGC-1	1500
0.203	0.982	0.997	TTCTAACGTGGTCTTA-1	1080
0.112	1	0.997	TTCTAACTCATACGAC-1	1897
0	1	0.996	TTCTAACTCGATCCCT-1	1381
0	1	0.996	TTCTAGTCAAAGACTA-1	971
0.026	1	0.997	TTCTCTCCAATCTGCA-1	1896
0.187	0.999	0.997	TTCTCTCGTATGAAGT-1	2029
0	1	0.996	TTCTGTAAGCGATTCT-1	3745
0.008	0.849	0.997	TTCTGTAGTTGCCATA-1	1318
0.003	1	0.987	TTCTGTATCCCTATTA-1	2929
0	1	0.995	TTCTTCCTCGGAATGG-1	1006
0	1	0.997	TTGAACGAGCCACTCG-1	883
0.001	0.997	0.997	TTGAACGAGCCGGATA-1	1879
0	0.985	0.996	TTGAACGCACGTTCGG-1	3248
0.006	0.899	0.997	TTGAACGGTGGCTAGA-1	2021
0	1	0.996	TTGACCCGTCTACAAC-1	1381
0.086	0.764	0.996	TTGACCCGTTATGACC-1	2975
0.001	1	0.986	TTGAGTGAGAAGCGAA-1	942
0.031	0.909	0.997	TTGAGTGCACGAGGAT-1	2264
0	1	0.002	TTGAGTGTCCGAGATT-1	3185
0.355	0.936	0.996	TTGATGGAGTTTGTCG-1	4461
0.397	0.992	0.997	TTGATGGGTGTTGACT-1	2664
0.017	0.668	0.93	TTGATGGTCTCTTAAC-1	1959
0	0.662	0.988	TTGCATTCATGGCCCA-1	639
0.394	0.658	0.992	TTGCATTGTGAACCGA-1	5871
0.388	0.658	0.992	TTGCATTGTGTTACTG-1	4592
0.4	0.674	0.997	TTGCCTGAGGCGACAT-1	2658
0.388	0.79	0.997	TTGCCTGCAATTTCTC-1	5936
0.145	0.945	0.996	TTGCCTGGTACGGTTT-1	4249
0.034	0.973	0.996	TTGCCTGGTCCGTTTC-1	3358
0	1	0.997	TTGCCTGTCGCTCATC-1	2166
0	0.999	0.996	TTGCGTCTCAGGCGAA-1	1818
0.323	0.803	0.997	TTGCGTCTCATCACTT-1	7487
0.002	1	0.997	TTGCTGCCAAACACGG-1	2177
0	1	0.997	TTGCTGCTCAACCTCC-1	1324
0	1	0.997	TTGCTGCTCCATTCGC-1	2726
0.166	0.877	0.993	TTGGATGGTTAGAGAT-1	2151
0.107	0.899	0.784	TTGGGCGAGGTCCTGC-1	4975
0.194	1	0.997	TTGGGCGTCCATTCGC-1	2961
0	0.68	0.996	TTGGTTTGTCGTGATT-1	2855
0	1	0.997	TTGTGTTCAGTTAAAG-1	1721
0.326	0.858	0.997	TTGTGTTTCCAAGCCG-1	4653
0.003	0.938	0.996	TTGTTCAAGATCGCCC-1	3274
0	1	0.997	TTGTTCAGTTGGTACT-1	1328
0.013	1	0.99	TTGTTCATCGATACAC-1	2860
0.011	0.998	0.988	TTGTTGTCAGCCCAGT-1	3056
0	1	0.986	TTGTTGTCATCAACCA-1	1691
0	1	0.996	TTTACCAAGTTCCTGA-1	840
0	1	0.996	TTTACCACACACCAGC-1	2491
0.002	0.804	0.996	TTTACCAGTTGGATCT-1	3046
0	0.681	0.996	TTTACGTGTATTGAGA-1	1657
0.322	0.765	0.991	TTTACGTGTCTGTAAC-1	4784
0.177	0.983	0.996	TTTACTGGTCCCGCAA-1	2848
0.216	0.941	0.996	TTTACTGTCTTTCTAG-1	6798
0.331	0.978	0.997	TTTAGTCCAATGAGCG-1	2045
0.4	0.702	0.992	TTTAGTCGTGCCGAAA-1	1324
0	1	0.997	TTTATGCAGTCTAACC-1	1318
0.289	0.899	0.997	TTTCACAAGCTTGTGT-1	5120
0.028	0.919	0.995	TTTCAGTCATTGGATC-1	1654
0	1	0.995	TTTCATGCACAATGAA-1	573
0.384	0.853	0.997	TTTCATGCAGGTAGTG-1	6708
0.362	0.789	0.997	TTTCATGTCGGACTTA-1	2321
0.144	0.676	0.997	TTTCCTCAGGTGAGAA-1	5584
0.395	1	0.997	TTTCGATCATGTGTCA-1	1130
0.001	0.995	0.997	TTTCGATGTGTATCCA-1	2358
0.395	0.662	0.995	TTTCGATGTTCCGCTT-1	5700
0.053	0.872	0.997	TTTCGATGTTCCTTGC-1	5413
0	1	0.994	TTTGACTAGGGAGGCA-1	1529
0	1	0.995	TTTGGAGGTGTCCTAA-1	922
0	1	0.989	TTTGGTTCAACCGATT-1	927
0.389	0.792	0.997	TTTGGTTCAGAAGTTA-1	5358
0	0.998	0.997	TTTGTTGTCGGCTTGG-1	2257
